[
  {
    "id": 1,
    "name": "Deploy Web Application",
    "description": "Deploy latest version of web application to production",
    "project_name": "WebApp Deployments",
    "playbook": "deploy_webapp.yml",
    "inventory": 10,
    "verbosity": 0,
    "extra_vars": "{\"env\": \"production\", \"version\": \"v2.1.0\"}",
    "enabled": true,
    "ask_credential_on_launch": false,
    "ask_variables_on_launch": false
  },
  {
    "id": 2,
    "name": "Database Backup",
    "description": "Backup production databases",
    "project_name": "Database Operations",
    "playbook": "backup_databases.yml",
    "inventory": 20,
    "verbosity": 1,
    "extra_vars": "{\"backup_type\": \"full\", \"retention_days\": 30}",
    "enabled": true,
    "ask_credential_on_launch": false,
    "ask_variables_on_launch": true
  },
  {
    "id": 3,
    "name": "Security Patching",
    "description": "Apply security patches to all servers",
    "project_name": "Security Operations",
    "playbook": "security_patching.yml",
    "inventory": 30,
    "verbosity": 2,
    "extra_vars": "{\"patch_level\": \"critical\", \"reboot\": true}",
    "enabled": true,
    "ask_credential_on_launch": true,
    "ask_variables_on_launch": false
  },
  {
    "id": 4,
    "name": "Application Health Check",
    "description": "Run health checks on all application servers",
    "project_name": "Monitoring",
    "playbook": "health_check.yml",
    "inventory": 30,
    "verbosity": 0,
    "extra_vars": "{}",
    "enabled": true,
    "ask_credential_on_launch": false,
    "ask_variables_on_launch": false
  }
]