[
  {
    "name": "GRM_DAILY_LOAD",
    "job_type": "CMD",
    "description": "Daily GRM data load from source systems",
    "machine": "prod-etl-server-01",
    "owner": "data_engineering",
    "status": "ACTIVATED",
    "start_times": ["02:00"],
    "days_of_week": ["mo", "tu", "we", "th", "fr"],
    "run_calendar": "weekdays",
    "max_run_alarm": "30",
    "command": "/apps/etl/scripts/grm_daily_load.sh",
    "last_start": "2025-12-18T02:00:00Z",
    "last_end": "2025-12-18T02:28:00Z",
    "last_status": "SUCCESS"
  },
  {
    "name": "GRM_WEEKLY_AGGREGATE",
    "job_type": "CMD",
    "description": "Weekly aggregation of GRM data",
    "machine": "prod-etl-server-01",
    "owner": "data_engineering",
    "status": "ACTIVATED",
    "start_times": ["00:00"],
    "days_of_week": ["su"],
    "run_calendar": "weekly",
    "max_run_alarm": "120",
    "command": "/apps/etl/scripts/grm_weekly_agg.sh",
    "last_start": "2025-12-15T00:00:00Z",
    "last_end": "2025-12-15T01:45:00Z",
    "last_status": "SUCCESS"
  },
  {
    "name": "FINANCIALS_ETL",
    "job_type": "CMD",
    "description": "Extract and transform financial data",
    "machine": "prod-finance-server",
    "owner": "finance_team",
    "status": "ACTIVATED",
    "start_times": ["03:00"],
    "run_calendar": "all_days",
    "max_run_alarm": "45",
    "command": "/apps/finance/etl/run_financials.sh",
    "last_start": "2025-12-18T03:00:00Z",
    "last_end": "2025-12-18T03:40:00Z",
    "last_status": "SUCCESS"
  },
  {
    "name": "AUDIT_LOG_CLEANUP",
    "job_type": "CMD",
    "description": "Archive old audit logs",
    "machine": "prod-admin-server",
    "owner": "operations",
    "status": "ACTIVATED",
    "start_times": ["01:00"],
    "days_of_week": ["su"],
    "run_calendar": "weekly",
    "max_run_alarm": "60",
    "command": "/apps/admin/cleanup/archive_logs.sh",
    "last_start": "2025-12-15T01:00:00Z",
    "last_end": "2025-12-15T01:45:00Z",
    "last_status": "SUCCESS"
  },
  {
    "name": "CUSTOMER_DATA_SYNC",
    "job_type": "CMD",
    "description": "Sync customer data from CRM",
    "machine": "prod-integration-server",
    "owner": "integration_team",
    "status": "ACTIVATED",
    "start_times": ["04:00"],
    "run_calendar": "all_days",
    "max_run_alarm": "20",
    "command": "/apps/integration/sync_customers.sh",
    "last_start": "2025-12-18T04:00:00Z",
    "last_end": "2025-12-18T04:15:00Z",
    "last_status": "SUCCESS"
  }
]