[
  {
    "job_id": "JOB-001",
    "asset_id": "",
    "asset_name": "",
    "asset_type": "",
    "asset_description": "",
    "service_id": "SVC-001",
    "service_name": "HR Data Processing Service",
    "job_name": "Daily Payroll Processing Job",
    "job_type": "Batch",
    "job_schedule": "0 2 * * *",
    "expected_duration": 3600,
    "job_description": "Processes daily payroll calculations and updates employee payment records at 2:00 AM daily. Expected to complete within 1 hour.",
    "status": "active",
    "job_identifier": "PAYROLL-DAILY-001",
    "log_server_type": "splunk",
    "log_template": {
      "identifier": "{{job_identifier}}",
      "status": "{{status}}",
      "start_time": "{{start_time}}",
      "end_time": "{{end_time}}",
      "duration_seconds": "{{duration}}",
      "records_processed": "{{records}}",
      "records_failed": "{{failed}}",
      "message": "{{message}}",
      "timestamp": "{{timestamp}}"
    }
  },
  {
    "job_id": "JOB-002",
    "asset_id": "",
    "asset_name": "",
    "asset_type": "",
    "asset_description": "",
    "service_id": "SVC-002",
    "service_name": "Asset Database Replication Service",
    "job_name": "Hourly Database Sync Job",
    "job_type": "Replication",
    "job_schedule": "0 * * * *",
    "expected_duration": 2700,
    "job_description": "Synchronizes asset database across replication nodes every hour on the hour. Expected to complete within 45 minutes.",
    "status": "active",
    "job_identifier": "DB-SYNC-HOURLY-002",
    "log_server_type": "elk",
    "log_template": {
      "identifier": "{{job_identifier}}",
      "status": "{{status}}",
      "start_time": "{{start_time}}",
      "end_time": "{{end_time}}",
      "duration_seconds": "{{duration}}",
      "rows_synced": "{{rows}}",
      "sync_lag_ms": "{{lag}}",
      "message": "{{message}}",
      "timestamp": "{{timestamp}}"
    }
  },
  {
    "job_id": "JOB-003",
    "asset_id": "",
    "asset_name": "",
    "asset_type": "",
    "asset_description": "",
    "service_id": "SVC-003",
    "service_name": "ETL Pipeline Service",
    "job_name": "Nightly Data Warehouse ETL Job",
    "job_type": "ETL",
    "job_schedule": "0 1 * * *",
    "expected_duration": 7200,
    "job_description": "Extracts data from source systems, transforms according to business rules, and loads into data warehouse at 1:00 AM daily. Expected to complete within 2 hours.",
    "status": "active",
    "job_identifier": "ETL-NIGHTLY-003",
    "log_server_type": "cloudwatch",
    "log_template": {
      "identifier": "{{job_identifier}}",
      "status": "{{status}}",
      "start_time": "{{start_time}}",
      "end_time": "{{end_time}}",
      "duration_seconds": "{{duration}}",
      "records_extracted": "{{extracted}}",
      "records_transformed": "{{transformed}}",
      "records_loaded": "{{loaded}}",
      "message": "{{message}}",
      "timestamp": "{{timestamp}}"
    }
  },
  {
    "job_id": "JOB-004",
    "asset_id": "ASSET-004",
    "asset_name": "Staging Application Server",
    "asset_type": "Application",
    "asset_description": "Server for staging environment applications.",
    "service_id": "",
    "service_name": "",
    "job_name": "Weekly Automated Test Suite Job",
    "job_type": "Testing",
    "job_schedule": "0 0 * * 0",
    "expected_duration": 10800,
    "job_description": "Runs comprehensive automated test suite for all staging applications every Sunday at midnight. Expected to complete within 3 hours.",
    "status": "active",
    "job_identifier": "TEST-WEEKLY-004",
    "log_server_type": "splunk",
    "log_template": {
      "identifier": "{{job_identifier}}",
      "status": "{{status}}",
      "start_time": "{{start_time}}",
      "end_time": "{{end_time}}",
      "duration_seconds": "{{duration}}",
      "tests_run": "{{tests_run}}",
      "tests_passed": "{{tests_passed}}",
      "tests_failed": "{{tests_failed}}",
      "message": "{{message}}",
      "timestamp": "{{timestamp}}"
    }
  },
  {
    "job_id": "JOB-005",
    "asset_id": "ASSET-005",
    "asset_name": "Financial Reporting System",
    "asset_type": "Server",
    "asset_description": "Handles financial reporting and analysis.",
    "service_id": "",
    "service_name": "",
    "job_name": "Monthly Financial Close Job",
    "job_type": "Reporting",
    "job_schedule": "0 3 1 * *",
    "expected_duration": 14400,
    "job_description": "Generates monthly financial close reports and reconciliation on the 1st day of each month at 3:00 AM. Expected to complete within 4 hours.",
    "status": "active",
    "job_identifier": "FIN-CLOSE-MONTHLY-005",
    "log_server_type": "datadog_logs",
    "log_template": {
      "identifier": "{{job_identifier}}",
      "status": "{{status}}",
      "start_time": "{{start_time}}",
      "end_time": "{{end_time}}",
      "duration_seconds": "{{duration}}",
      "reports_generated": "{{reports}}",
      "validation_status": "{{validation}}",
      "message": "{{message}}",
      "timestamp": "{{timestamp}}"
    }
  }
]
