[
  {
    "service_id": "SVC-001",
    "asset_id": "ASSET-001",
    "asset_name": "Human and Intellectual Capital Management System",
    "asset_type": "Server",
    "asset_description": "Handles employee data and HR processes.",
    "service_name": "HR Data Processing Service",
    "service_type": "Data Processing",
    "service_description": "Processes employee records, payroll data, and benefits information for the HR system",
    "status": "active",
    "service_identifier": "HR-SVC-001",
    "log_server_type": "splunk",
    "log_template": {
      "identifier": "{{service_identifier}}",
      "status": "{{status}}",
      "response_time_ms": "{{response_time}}",
      "cpu_usage": "{{cpu}}",
      "memory_usage": "{{memory}}",
      "message": "{{message}}",
      "timestamp": "{{timestamp}}"
    }
  },
  {
    "service_id": "SVC-002",
    "asset_id": "ASSET-002",
    "asset_name": "Technological & Data Assets Management System",
    "asset_type": "Server",
    "asset_description": "Manages all technological and data assets.",
    "service_name": "Asset Database Replication Service",
    "service_type": "Database Replication",
    "service_description": "Maintains real-time replication of asset management database across multiple nodes",
    "status": "active",
    "service_identifier": "DB-REPL-002",
    "log_server_type": "elk",
    "log_template": {
      "identifier": "{{service_identifier}}",
      "status": "{{status}}",
      "replication_lag_ms": "{{lag}}",
      "sync_status": "{{sync_status}}",
      "message": "{{message}}",
      "timestamp": "{{timestamp}}"
    }
  },
  {
    "service_id": "SVC-003",
    "asset_id": "ASSET-003",
    "asset_name": "Data Extraction & Transformation System",
    "asset_type": "Server",
    "asset_description": "Processes and transforms data for analytics.",
    "service_name": "ETL Pipeline Service",
    "service_type": "ETL",
    "service_description": "Extracts data from source systems, transforms it according to business rules, and loads into data warehouse",
    "status": "active",
    "service_identifier": "ETL-SVC-003",
    "log_server_type": "cloudwatch",
    "log_template": {
      "identifier": "{{service_identifier}}",
      "status": "{{status}}",
      "pipeline_status": "{{pipeline_status}}",
      "throughput": "{{throughput}}",
      "message": "{{message}}",
      "timestamp": "{{timestamp}}"
    }
  },
  {
    "service_id": "SVC-004",
    "asset_id": "ASSET-004",
    "asset_name": "Staging Application Server",
    "asset_type": "Application",
    "asset_description": "Server for staging environment applications.",
    "service_name": "Application Testing Service",
    "service_type": "Testing",
    "service_description": "Provides isolated environment for testing application deployments before production release",
    "status": "active",
    "service_identifier": "APP-TEST-004",
    "log_server_type": "splunk",
    "log_template": {
      "identifier": "{{service_identifier}}",
      "status": "{{status}}",
      "test_status": "{{test_status}}",
      "coverage_pct": "{{coverage}}",
      "message": "{{message}}",
      "timestamp": "{{timestamp}}"
    }
  },
  {
    "service_id": "SVC-005",
    "asset_id": "ASSET-005",
    "asset_name": "Financial Reporting System",
    "asset_type": "Server",
    "asset_description": "Handles financial reporting and analysis.",
    "service_name": "Financial Report Generation Service",
    "service_type": "Reporting",
    "service_description": "Generates monthly, quarterly, and annual financial reports with compliance checks",
    "status": "active",
    "service_identifier": "FIN-RPT-005",
    "log_server_type": "datadog_logs",
    "log_template": {
      "identifier": "{{service_identifier}}",
      "status": "{{status}}",
      "report_status": "{{report_status}}",
      "records_processed": "{{records}}",
      "message": "{{message}}",
      "timestamp": "{{timestamp}}"
    }
  }
]
