[
  {
    "sla_id": "SLA-001",
    "asset_id": "ASSET-001",
    "asset_name": "Human and Intellectual Capital Management System",
    "asset_type": "Server",
    "asset_description": "Handles employee data and HR processes.",
    "service_id": "SVC-001",
    "service_name": "HR Data Processing Service",
    "job_id": "JOB-001",
    "job_name": "Daily Payroll Processing Job",
    "sla_name": "Payroll Processing Completion SLA",
    "metric_type": "success_rate",
    "target_value": 99.9,
    "warning_threshold": 99.5,
    "critical_threshold": 99.0,
    "measurement_period": "Monthly",
    "description": "Ensures 99.9% of daily payroll processing jobs complete successfully each month",
    "log_field_mapping": {
      "status_field": "status",
      "success_values": ["completed", "success", "finished"],
      "failure_values": ["failed", "error", "timeout", "incomplete"],
      "evaluation_type": "percentage"
    },
    "evaluation_config": {
      "calculation": "job_success_percentage",
      "threshold": 99.9,
      "aggregation_period": "monthly"
    }
  },
  {
    "sla_id": "SLA-002",
    "asset_id": "ASSET-002",
    "asset_name": "Technological & Data Assets Management System",
    "asset_type": "Server",
    "asset_description": "Manages all technological and data assets.",
    "service_id": "SVC-002",
    "service_name": "Asset Database Replication Service",
    "job_id": "JOB-002",
    "job_name": "Hourly Database Sync Job",
    "sla_name": "Database Replication Lag SLA",
    "metric_type": "response_time",
    "target_value": 99.95,
    "warning_threshold": 99.8,
    "critical_threshold": 99.5,
    "measurement_period": "Daily",
    "description": "Ensures 99.95% of database sync operations complete with lag under 100ms",
    "log_field_mapping": {
      "latency_field": "sync_lag_ms",
      "threshold_operator": "<=",
      "threshold_value": 100,
      "threshold_unit": "milliseconds",
      "evaluation_type": "threshold_percentage"
    },
    "evaluation_config": {
      "calculation": "threshold_percentage",
      "threshold": 99.95,
      "max_acceptable_value": 100,
      "aggregation_period": "daily"
    }
  },
  {
    "sla_id": "SLA-003",
    "asset_id": "ASSET-003",
    "asset_name": "Data Extraction & Transformation System",
    "asset_type": "Server",
    "asset_description": "Processes and transforms data for analytics.",
    "service_id": "SVC-003",
    "service_name": "ETL Pipeline Service",
    "job_id": "JOB-003",
    "job_name": "Nightly Data Warehouse ETL Job",
    "sla_name": "ETL Job Success Rate SLA",
    "metric_type": "success_rate",
    "target_value": 99.5,
    "warning_threshold": 99.0,
    "critical_threshold": 98.5,
    "measurement_period": "Weekly",
    "description": "Ensures 99.5% of ETL jobs complete successfully with 95%+ data load rate",
    "log_field_mapping": {
      "status_field": "status",
      "success_values": ["completed", "success", "finished", "done"],
      "failure_values": ["failed", "error", "partial", "incomplete"],
      "extracted_field": "records_extracted",
      "loaded_field": "records_loaded",
      "data_quality_check": true,
      "min_load_percentage": 95,
      "evaluation_type": "percentage"
    },
    "evaluation_config": {
      "calculation": "job_success_percentage",
      "threshold": 99.5,
      "include_data_quality": true,
      "min_data_quality_threshold": 95,
      "aggregation_period": "weekly"
    }
  },
  {
    "sla_id": "SLA-004",
    "asset_id": "ASSET-004",
    "asset_name": "Staging Application Server",
    "asset_type": "Application",
    "asset_description": "Server for staging environment applications.",
    "service_id": "SVC-004",
    "service_name": "Application Testing Service",
    "job_id": "JOB-004",
    "job_name": "Weekly Automated Test Suite Job",
    "sla_name": "Test Environment Availability SLA",
    "metric_type": "uptime",
    "target_value": 98.0,
    "warning_threshold": 97.5,
    "critical_threshold": 97.0,
    "measurement_period": "Monthly",
    "description": "Ensures test environment is available 98% of the time each month",
    "log_field_mapping": {
      "status_field": "status",
      "success_values": ["up", "available", "running", "healthy"],
      "failure_values": ["down", "unavailable", "error", "degraded"],
      "evaluation_type": "percentage"
    },
    "evaluation_config": {
      "calculation": "availability_percentage",
      "threshold": 98.0,
      "aggregation_period": "monthly"
    }
  },
  {
    "sla_id": "SLA-005",
    "asset_id": "ASSET-005",
    "asset_name": "Financial Reporting System",
    "asset_type": "Server",
    "asset_description": "Handles financial reporting and analysis.",
    "service_id": "SVC-005",
    "service_name": "Financial Report Generation Service",
    "job_id": "JOB-005",
    "job_name": "Monthly Financial Close Job",
    "sla_name": "Financial Close Timeliness SLA",
    "metric_type": "success_rate",
    "target_value": 100.0,
    "warning_threshold": 99.5,
    "critical_threshold": 99.0,
    "measurement_period": "Monthly",
    "description": "Ensures 100% of financial close jobs complete successfully, validated, and within 4 hours",
    "log_field_mapping": {
      "status_field": "status",
      "success_values": ["completed", "success", "closed"],
      "failure_values": ["failed", "error", "incomplete", "pending"],
      "validation_field": "validation_status",
      "validation_success_values": ["passed", "validated", "approved"],
      "duration_field": "duration_seconds",
      "max_acceptable_duration": 14400,
      "duration_unit": "seconds",
      "timeliness_check": true,
      "evaluation_type": "percentage"
    },
    "evaluation_config": {
      "calculation": "job_success_percentage",
      "threshold": 100.0,
      "include_validation": true,
      "include_timeliness": true,
      "max_duration_seconds": 14400,
      "aggregation_period": "monthly"
    }
  }
]
