[
  {
    "asset_id": "ASSET-001",
    "asset_name": "Human and Intellectual Capital Management System",
    "asset_type": "Server",
    "asset_description": "Handles employee data and HR processes.",
    "host_name": "prod-server-01",
    "machine_type": "VM",
    "responsible_team": "IT Operations",
    "datacenter": "US-EAST-1",
    "environment": "production",
    "cpu_cores": 16,
    "memory_gb": 64,
    "os": "Ubuntu 22.04",
    "ip_address": "10.0.1.10",
    "status": "active"
  },
  {
    "asset_id": "ASSET-002",
    "asset_name": "Technological & Data Assets Management System",
    "asset_type": "Server",
    "asset_description": "Manages all technological and data assets.",
    "host_name": "prod-db-cluster",
    "machine_type": "Database Cluster",
    "responsible_team": "Database Team",
    "datacenter": "US-EAST-1",
    "environment": "production",
    "cpu_cores": 32,
    "memory_gb": 256,
    "os": "PostgreSQL 14",
    "ip_address": "10.0.1.20",
    "status": "active"
  },
  {
    "asset_id": "ASSET-003",
    "asset_name": "Data Extraction & Transformation System",
    "asset_type": "Server",
    "asset_description": "Processes and transforms data for analytics.",
    "host_name": "prod-etl-server-01",
    "machine_type": "VM",
    "responsible_team": "Data Engineering",
    "datacenter": "US-WEST-2",
    "environment": "production",
    "cpu_cores": 8,
    "memory_gb": 32,
    "os": "Ubuntu 20.04",
    "ip_address": "10.1.1.10",
    "status": "active"
  },
  {
    "asset_id": "ASSET-004",
    "asset_name": "Staging Application Server",
    "asset_type": "Application",
    "asset_description": "Server for staging environment applications.",
    "host_name": "staging-app-server",
    "machine_type": "VM",
    "responsible_team": "Application Team",
    "datacenter": "US-EAST-1",
    "environment": "staging",
    "cpu_cores": 4,
    "memory_gb": 16,
    "os": "Ubuntu 22.04",
    "ip_address": "10.0.2.10",
    "status": "active"
  },
  {
    "asset_id": "ASSET-005",
    "asset_name": "Financial Reporting System",
    "asset_type": "Server",
    "asset_description": "Handles financial reporting and analysis.",
    "host_name": "prod-finance-server",
    "machine_type": "VM",
    "responsible_team": "Finance Team",
    "datacenter": "US-EAST-1",
    "environment": "production",
    "cpu_cores": 8,
    "memory_gb": 32,
    "os": "RHEL 8",
    "ip_address": "10.0.1.30",
    "status": "active"
  }
]