<?xml version="1.0"?>

<!DOCTYPE ejb-jar PUBLIC '-//Sun Microsystems, Inc.//DTD Enterprise JavaBeans 1.1//EN' 'http://java.sun.com/j2ee/dtds/ejb-jar_1_1.dtd'>

<ejb-jar>

    <enterprise-beans>
        <session>
            <ejb-name>ApsDataAccess</ejb-name>
            <home>com.verizon.enterprise.vps.middleware.ejb.dataAccess.ApsDataAccessHome</home>
            <remote>com.verizon.enterprise.vps.middleware.ejb.dataAccess.ApsDataAccess</remote>
            <ejb-class>com.verizon.enterprise.vps.middleware.ejb.dataAccess.ApsDataAccessBean</ejb-class>
            <session-type>Stateless</session-type>
            <transaction-type>Container</transaction-type>
        </session>
    </enterprise-beans>

    <assembly-descriptor>
        <container-transaction>
            <method>
                <ejb-name>ApsDataAccess</ejb-name>
                <method-intf>Remote</method-intf>
                <method-name>*</method-name>
            </method>
            <trans-attribute>Required</trans-attribute>
        </container-transaction>
    </assembly-descriptor>
</ejb-jar>
