<?xml version="1.0"?>
<!DOCTYPE ejb-jar PUBLIC '-//Sun Microsystems, Inc.//DTD Enterprise JavaBeans 2.0//EN' 'http://java.sun.com/dtd/ejb-jar_2_0.dtd'>
<ejb-jar>
	<enterprise-beans>
		<session>
			<ejb-name>enterprise.ScheduleAdmin</ejb-name>
			<home>com.verizon.enterprise.vps.middleware.ScheduleAdminHome</home>
			<remote>com.verizon.enterprise.vps.middleware.ScheduleAdmin</remote>
			<ejb-class>com.verizon.enterprise.vps.middleware.ScheduleAdminBean</ejb-class>
			<session-type>Stateless</session-type>
			<transaction-type>Container</transaction-type>
		</session>
	</enterprise-beans>
	<assembly-descriptor>
		<container-transaction>
			<method>
				<ejb-name>enterprise.ScheduleAdmin</ejb-name>
				<method-name>*</method-name>
			</method>
			<trans-attribute>NotSupported</trans-attribute>
		</container-transaction>
	</assembly-descriptor>
</ejb-jar>
