<?xml version="1.0"?>
<!DOCTYPE weblogic-ejb-jar PUBLIC '-//BEA Systems, Inc.//DTD WebLogic 6.0.0 EJB//EN'
'http://www.bea.com/servers/wls600/dtd/weblogic-ejb-jar.dtd'>
<weblogic-ejb-jar>
	<weblogic-enterprise-bean>
		<ejb-name>enterprise.TaskExecutionMDB</ejb-name>
		<message-driven-descriptor>
			<pool>
				<max-beans-in-free-pool>20</max-beans-in-free-pool>
				<initial-beans-in-free-pool>5</initial-beans-in-free-pool>
			</pool>
			<destination-jndi-name>PERSISTENT_EXECUTION_QUEUE</destination-jndi-name>
			<!--<destination-jndi-name>NON_PERSISTENT_EXECUTION_QUEUE</destination-jndi-name>-->
			<connection-factory-jndi-name>enterprise.jms.NoBacklogConnectionFactory</connection-factory-jndi-name>
		</message-driven-descriptor>
		<transaction-descriptor>
			<trans-timeout-seconds>1800</trans-timeout-seconds>
		</transaction-descriptor>
		<jndi-name>enterprise.TaskExecutionMDB</jndi-name>
	</weblogic-enterprise-bean>
</weblogic-ejb-jar>
