<?xml version="1.0"?>
<!DOCTYPE ejb-jar PUBLIC '-//Sun Microsystems, Inc.//DTD Enterprise JavaBeans 2.0//EN' 'http://java.sun.com/dtd/ejb-jar_2_0.dtd'>
<ejb-jar>
	<enterprise-beans>
		<message-driven>
			<ejb-name>enterprise.TaskExecutionMDB</ejb-name>
			<ejb-class>com.verizon.enterprise.vps.middleware.TaskExecutionMDB</ejb-class>
			<transaction-type>Container</transaction-type>
			<message-driven-destination>
				<destination-type>
					javax.jms.Queue
				</destination-type>
			</message-driven-destination>
		</message-driven>
	</enterprise-beans>
	<assembly-descriptor>
		<container-transaction>
			<method>
				<ejb-name>enterprise.TaskExecutionMDB</ejb-name>
				<method-name>*</method-name>
			</method>
			<trans-attribute>NotSupported</trans-attribute>
		</container-transaction>
	</assembly-descriptor>
</ejb-jar>
