<?xml version="1.0"?>
<!DOCTYPE ejb-jar PUBLIC '-//Sun Microsystems, Inc.//DTD Enterprise JavaBeans 2.0//EN' 'http://java.sun.com/dtd/ejb-jar_2_0.dtd'>
<ejb-jar>
	<enterprise-beans>
		<session>
			<ejb-name>enterprise.TaskDeliver</ejb-name>
			<home>com.verizon.enterprise.vps.middleware.TaskDeliverHome</home>
			<remote>com.verizon.enterprise.vps.middleware.TaskDeliver</remote>
			<local-home>com.verizon.enterprise.vps.middleware.TaskDeliverLocalHome</local-home>
			<local>com.verizon.enterprise.vps.middleware.TaskDeliverLocal</local>
			<ejb-class>com.verizon.enterprise.vps.middleware.TaskDeliverBean</ejb-class>
			<session-type>Stateless</session-type>
			<transaction-type>Bean</transaction-type>
		</session>
	</enterprise-beans>
</ejb-jar>
