<?xml version="1.0"?>
<!DOCTYPE weblogic-ejb-jar PUBLIC '-//BEA Systems, Inc.//DTD WebLogic 6.0.0 EJB//EN'
'http://www.bea.com/servers/wls600/dtd/weblogic-ejb-jar.dtd'>
<weblogic-ejb-jar>
	<weblogic-enterprise-bean>
		<ejb-name>enterprise.TaskDeliver</ejb-name>
		<transaction-descriptor>
			<trans-timeout-seconds>90</trans-timeout-seconds>
		</transaction-descriptor>
		<jndi-name>enterprise.TaskDeliver</jndi-name>
		<local-jndi-name>enterprise.TaskDeliverLocal</local-jndi-name>
	</weblogic-enterprise-bean>
</weblogic-ejb-jar>
