<?xml version="1.0" encoding="UTF-8"?>
<project xmlns="http://maven.apache.org/POM/4.0.0"
         xmlns:xsi="http://www.w3.org/2001/XMLSchema-instance"
         xsi:schemaLocation="http://maven.apache.org/POM/4.0.0 http://maven.apache.org/xsd/maven-4.0.0.xsd">
    <modelVersion>4.0.0</modelVersion>

    <groupId>com.myndscript</groupId>
    <artifactId>spring-boot-jwtoauth2-security-svc</artifactId>
    <version>1.0-SNAPSHOT</version>

    <parent>
        <groupId>org.springframework.boot</groupId>
        <artifactId>spring-boot-starter-parent</artifactId>
        <version>2.0.0.RELEASE</version>
    </parent>

    <dependencies>
	    <dependency>
            <groupId>org.springframework</groupId>
            <artifactId>spring-web</artifactId>
        </dependency>
        <dependency>
            <groupId>org.springframework.boot</groupId>
            <artifactId>spring-boot-starter-web</artifactId>
        </dependency>
		<dependency>
  			<groupId>org.springframework.boot</groupId>
  			<artifactId>spring-boot-starter-thymeleaf</artifactId>
		</dependency>			
		<dependency>
			<groupId>org.springframework.boot</groupId>
			<artifactId>spring-boot-starter-test</artifactId>
			<scope>test</scope>
        </dependency>
		<!-- JavaMelody starts-->
		<dependency>
			<groupId>net.bull.javamelody</groupId>
			<artifactId>javamelody-spring-boot-starter</artifactId>
			<version>1.75.0</version>
		</dependency>
        <!-- JavaMelody ends--> 		
        <!-- JavaMelody PDF reports itext, option to add PDF export -->
        <dependency>
            <groupId>com.lowagie</groupId>
            <artifactId>itext</artifactId>
            <version>2.1.7</version>
            <exclusions>
               <exclusion>
                    <artifactId>bcmail-jdk14</artifactId>
                    <groupId>bouncycastle</groupId>
               </exclusion>
                <exclusion>
                        <artifactId>bcprov-jdk14</artifactId>
                        <groupId>bouncycastle</groupId>
                </exclusion>
                <exclusion>
                        <artifactId>bctsp-jdk14</artifactId>
                        <groupId>bouncycastle</groupId>
                </exclusion>
            </exclusions>
        </dependency>		
		<!-- Basic Authentication 
        <dependency>
            <groupId>org.springframework.boot</groupId>
            <artifactId>spring-boot-starter-security</artifactId>
        </dependency>
		-->
        <!-- OAuth2 and JJWT Authorization -->
        <dependency>
                <groupId>org.springframework.security</groupId>
                <artifactId>spring-security-crypto</artifactId>
        </dependency>
        <dependency>
                <groupId>org.springframework.security</groupId>
                <artifactId>spring-security-jwt</artifactId>
                <version>1.0.9.RELEASE</version>
        </dependency>
        <dependency>
            <groupId>io.jsonwebtoken</groupId>
            <artifactId>jjwt</artifactId>
            <version>0.9.1</version>
        </dependency>		
        <dependency>
                <groupId>org.springframework.security.oauth</groupId>
                <artifactId>spring-security-oauth2</artifactId>
                <version>2.0.10.RELEASE</version>
        </dependency>		
        <!--open-source set of common libraries for Java -->
        <dependency>
                <groupId>com.google.guava</groupId>
                <artifactId>guava</artifactId>
                <version>19.0</version>
        </dependency>		
        <!-- Use only Log4j -->
        <dependency>
                <groupId>org.springframework.boot</groupId>
                <artifactId>spring-boot-starter-log4j2</artifactId>
        </dependency>		
        <!-- Apache Artemis MQ -->
        <dependency>
            <groupId>org.springframework.boot</groupId>
            <artifactId>spring-boot-starter-artemis</artifactId>
        </dependency>	
        <!-- Spring data JPA and hibernate -->
        <!-- Spring data JPA, default tomcat pool, exclude it -->
        <dependency>
            <groupId>org.springframework.boot</groupId>
            <artifactId>spring-boot-starter-data-jpa</artifactId>
            <exclusions>
                <exclusion>
                    <groupId>org.apache.tomcat</groupId>
                    <artifactId>tomcat-jdbc</artifactId>
                </exclusion>
            </exclusions>
        </dependency>	
        <!-- HikariCP connection pool -->
        <dependency>
            <groupId>com.zaxxer</groupId>
            <artifactId>HikariCP</artifactId>
            <version>3.2.0</version>
        </dependency>		
		<!-- Oracle DB drivers -->
        <dependency>
            <groupId>com.oracle</groupId>
            <artifactId>ojdbc7</artifactId>
            <version>12.1.0</version>
        </dependency>
		<!-- JAXB -->
		<dependency>
		 <groupId>javax.xml.bind</groupId>
		 <artifactId>jaxb-api</artifactId>
		 <version>2.3.0</version>
		</dependency>		
    </dependencies>

    <properties>
        <java.version>1.8</java.version>
    </properties>

    <build>
        <plugins>
		  <plugin>
			<groupId>org.apache.maven.plugins</groupId>
			<artifactId>maven-compiler-plugin</artifactId>
			<configuration>
			  <excludes>
			  	<exclude>**/myndscript/springboot/facade/noauth/**</exclude>
				<exclude>**/myndscript/springboot/facade/basicauth/**</exclude>
				<exclude>**/myndscript/springboot/facade/oauth2/**</exclude>
				<exclude>**/myndscript/springboot/security/basicauth/**</exclude>
				<exclude>**/myndscript/springboot/security/oauth/**</exclude>
				<exclude>**/myndscript/springboot/apachekafka/**</exclude>
				<exclude>**/myndscript/springboot/perfmonitor/**</exclude>
				<exclude>**/myndscript/spark/**</exclude>
			  </excludes>
			</configuration>
		  </plugin>			
            <plugin>
                <groupId>org.springframework.boot</groupId>
                <artifactId>spring-boot-maven-plugin</artifactId>			
            </plugin>
        </plugins>
    </build>
</project>