<?xml version="1.0" encoding="UTF-8"?>

<!DOCTYPE struts-config PUBLIC
          "-//Apache Software Foundation//DTD Struts Configuration 1.1//EN"
          "http://jakarta.apache.org/struts/dtds/struts-config_1_1.dtd">

<struts-config>

    <form-beans>
         <form-bean name="apmSpinOffForm"         type="com.verizon.enterprise.vps.ui.struts.form.APMSpinOffForm"/>
         <form-bean name="pageForm"               type="com.verizon.enterprise.vps.ui.struts.action.PageForm"/>
         <form-bean name="monitorForm"            type="com.verizon.enterprise.vps.ui.struts.form.MonitorForm"/>
         <form-bean name="scheduleParametersForm" type="com.verizon.enterprise.vps.ui.struts.action.ScheduleParametersForm"/>
         <form-bean name="jobScheduleDefForm"     type="com.verizon.enterprise.vps.ui.dataobjects.JobScheduleDef"/>
         <form-bean name="classParameterForm"     type="com.verizon.enterprise.vps.ui.struts.form.ClassParameterForm"/>
        <form-bean name="shellForm" type="com.verizon.enterprise.global.form.ShellForm" />        
    </form-beans>

   <!--global-forwards type="org.apache.struts.action.ActionForward"/-->

    <action-mappings> 
         <action path="/apm"
                 type="com.verizon.enterprise.vps.ui.struts.action.APMSpinOffAction"
                 name="apmSpinOffForm"
                 scope="session"
                 input="/apm.do"
                 validate="false"
         >
         </action>


         <action path="/home"
                 type="com.verizon.enterprise.vps.ui.struts.action.DoFirst"
                 name="pageForm"
                 scope="session"
                 input="/home.do"
                 validate="false"
         >
             <forward name="display"      path=".vpsDisplay" />
             <forward name="modify"       path=".vpsModify"  />
             <forward name="noPermission" path=".vpsNPDisplay" />
         </action>

         <action path="/monitor"
                 type="com.verizon.enterprise.vps.ui.struts.action.MonitorAction"
                 name="monitorForm"
                 scope="session"
                 input="/monitor.do"
                 validate="true">
             <forward name="detail"       path=".vpsMonitor"/>
             <forward name="noPermission" path=".vpsNPDisplay" />
         </action>

         <action path="/create"
                 type="com.verizon.enterprise.vps.ui.struts.action.ScheduleParametersAction"
                 name="jobScheduleDefForm"
                 scope="session"
                 input="/home.do"
                 validate="false">
             <forward name="success"      path=".vpsCreate"/>
             <forward name="noPermission" path=".vpsNPDisplay" />
         </action>

         <action path="/submit"
                 type="com.verizon.enterprise.vps.ui.struts.action.JobScheduleDefSubmitAction"
                 name="jobScheduleDefForm"
                 scope="session"
                 input="/submit.do"
                 validate="false">
             <forward name="success"      path=".vpsCreate"/>
             <forward name="failure"      path=".vpsCreate"/>
             <forward name="noPermission" path=".vpsNPDisplay" />
         </action>

         <action path="/reflect"
                 type="com.verizon.enterprise.vps.ui.struts.action.ReflectAction"
                 name="classParameterForm"
                 scope="session"
                 input="/reflect.do"
                 validate="false">
             <forward name="arguement" path=".methodArgs" />
             <forward name="origin"    path=".classMethod" />
         </action>

         <action path="/refresh"
                 type="com.verizon.enterprise.vps.ui.struts.action.RefreshAction"
                 name="classParameterForm"
                 scope="session"
                 input="/reflect.do"
                 validate="false">
             <forward name="origin"    path=".classMethod" />
         </action>

         <action path="/modify"
                 type="com.verizon.enterprise.vps.ui.struts.action.ScheduleModifyAction"
                 name="jobScheduleDefForm"
                 scope="session"
                 input="/modify.do"
                 validate="false">
             <forward name="display"      path=".vpsDisplay" />
             <forward name="failure"      path=".vpsModify" />
             <forward name="noPermission" path=".vpsNPDisplay" />
         </action>
         
         <action path="/vzbhome" 
                 name="shellForm" 
                 scope="request" 
                 type="com.verizon.enterprise.global.action.ShellAction" 
                 validate="false">
                <forward name="success" path=".global.OpsAsyncHome"/>
         </action>
    </action-mappings>

    <controller contentType="text/html;charset=UTF-8" nocache="true" processorClass="com.verizon.enterprise.global.struts.VzRequestProcessor" />
    <message-resources key="COMMON" null="true" parameter="com.verizon.enterprise.common.ApplicationResources" />
    
    <plug-in className="org.apache.struts.tiles.TilesPlugin">
         <set-property property="definitions-config" value="/WEB-INF/tiles-defs.xml,/WEB-INF/tiles-vps-defs.xml"/>
         <set-property property="moduleAware" value="true"/>
         <set-property property="factoryClassname" value="com.verizon.enterprise.global.struts.VzTilesDefinitionsFactory"/>        
    </plug-in>
</struts-config>

