<?xml version="1.0" encoding="ISO-8859-1" ?>
<!DOCTYPE tiles-definitions PUBLIC "-//Apache Software Foundation//DTD Tiles Configuration 1.1//EN" "http://jakarta.apache.org/struts/dtds/tiles-config_1_1.dtd">
<tiles-definitions>  

   <definition name=".vpsDisplay" path="/vps/layout/baseLayout.jsp">
       <put name="title" value="APM Home"/>
       <put name="body"  value=".vpsDisplayLayout"/>
   </definition>
   <definition name=".vpsDisplayLayout" path="/vps/layout/pageLayout.jsp">
       <put name="introduction" value="/vps/introductionText.jsp"/>
       <put name="tree" value="/vps/treeList.jsp"/>
       <put name="workArea"  value="/vps/nodeDescriptionText.jsp"/>
   </definition>


   <definition name=".vpsCreate" path="/vps/layout/baseLayout.jsp">
       <put name="title" value="APM Create"/>
       <put name="body"  value=".vpsCreateLayout"/>
   </definition>
   <definition name=".vpsCreateLayout" path="/vps/layout/pageLayout.jsp">
       <put name="introduction" value="/vps/introductionText.jsp"/>
       <put name="tree" value="/vps/treeList.jsp"/>
       <put name="workArea"  value="/vps/vpsCreation.jsp"/>
   </definition>


   <definition name=".vpsModify"  path="/vps/layout/baseLayout.jsp">
       <put name="title" value="APM Modify"/>
       <put name="body"  value=".vpsModifyLayout"/>
   </definition>
   <definition name=".vpsModifyLayout" path="/vps/layout/pageLayout.jsp">
       <put name="introduction" value="/vps/introductionText.jsp"/>
       <put name="tree" value="/vps/treeList.jsp"/>
       <put name="workArea"  value="/vps/vpsModification.jsp"/>
   </definition>


   <definition name=".vpsMonitor" path="/vps/layout/baseLayout.jsp">
       <put name="title" value="VPS Monitor"/>
       <put name="body"  value=".vpsMonitorLayout"/>
   </definition>
   <definition name=".vpsMonitorLayout" path="/vps/layout/monitorPageLayout.jsp">
       <put name="monitorTask" value="/vps/taskList.jsp"/>
       <put name="monitorDetail" value="/vps/monitorDetail.jsp"/>
   </definition>

   <definition name=".classMethod" path="/vps/vpsTaskSetup.jsp" />
   <definition name=".methodArgs" path="/vps/vpsMethodArgsSetup.jsp"/>

    <!-- //no create/modify/cancel/monitor permission pages -->
    
   <definition name=".vpsNPDisplay" path="/vps/layout/baseLayout.jsp">
       <put name="title" value="APM View"/>
       <put name="body"  value=".vpsNPDisplayLayout"/>
   </definition>
   <definition name=".vpsNPDisplayLayout" path="/vps/layout/pageLayout.jsp">
       <put name="introduction" value="/vps/introductionTextNP.jsp"/>
       <put name="tree" value="/vps/treeList.jsp"/>
       <put name="workArea"  value="/vps/nodeDescriptionTextNP.jsp"/>
   </definition>
   
</tiles-definitions>

