{
  "hash": "be94d816",
  "configHash": "02778e5d",
  "lockfileHash": "e6be8e64",
  "browserHash": "d02b756a",
  "optimized": {
    "react": {
      "src": "../../react/index.js",
      "file": "react.js",
      "fileHash": "fc21fc8b",
      "needsInterop": true
    },
    "react-dom": {
      "src": "../../react-dom/index.js",
      "file": "react-dom.js",
      "fileHash": "37aa9526",
      "needsInterop": true
    },
    "react/jsx-dev-runtime": {
      "src": "../../react/jsx-dev-runtime.js",
      "file": "react_jsx-dev-runtime.js",
      "fileHash": "bb2e2a3d",
      "needsInterop": true
    },
    "react/jsx-runtime": {
      "src": "../../react/jsx-runtime.js",
      "file": "react_jsx-runtime.js",
      "fileHash": "53fd6e65",
      "needsInterop": true
    },
    "lucide-react": {
      "src": "../../lucide-react/dist/esm/lucide-react.js",
      "file": "lucide-react.js",
      "fileHash": "9702784f",
      "needsInterop": false
    },
    "react-dom/client": {
      "src": "../../react-dom/client.js",
      "file": "react-dom_client.js",
      "fileHash": "3a925997",
      "needsInterop": true
    }
  },
  "chunks": {
    "chunk-5OEL3WWE": {
      "file": "chunk-5OEL3WWE.js"
    },
    "chunk-WGQ442SR": {
      "file": "chunk-WGQ442SR.js"
    }
  }
}