<?xml version="1.0" encoding="UTF-8"?>
<!DOCTYPE testScript [
	<!ENTITY template SYSTEM "run_ec.xml">
]>
<testScript xmlns:xsi="http://www.w3.org/2001/XMLSchema-instance" xsi:noNamespaceSchemaLocation="http://vzdev.verizon.com/schema/vzunit.xsd" cprefix="com.verizon.enterprise.zunit.http">
	<!-- setup test environment. -->
	<setup>
		<appServer>
			<remoteProviderUrl/>
			<webUrlPrefix>http://salsa:2052</webUrlPrefix>
		</appServer>
		<log>
			<file>stdout</file>
			<level>debug2</level>
		</log>
	</setup>
	<!-- EC Home -->
	<loop num="1">
		<thread>
			<loop num="1">
				<retrievePage label="Home">
					<url>/operations/home/home.jsp</url>
					<request method="post">
						<parameter name="xy">y</parameter>
					</request>
					<outputFile/>
					<successPattern>Signed In:</successPattern>
					<failurePattern>We have encountered a problem while working with your account information.</failurePattern>
				</retrievePage>
				<retrievePage label="APMVersionHome">
					<url>/operations/home/homeAPMVersion.jsp</url>
					<request method="post">
						<parameter name="xy">y</parameter>
					</request>
					<outputFile/>
					<successPattern>Signed In:</successPattern>
					<failurePattern>We have encountered a problem while working with your account information.</failurePattern>
				</retrievePage>
			</loop>
		</thread>
	</loop>
</testScript>
