<?xml version="1.0" encoding="UTF-8"?>
<testScript xmlns:xsi="http://www.w3.org/2001/XMLSchema-instance" xsi:noNamespaceSchemaLocation="http://vzdev.verizon.com/schema/vzunit.xsd" cprefix="com.verizon.enterprise.vps.schedule">
	<!-- default properties -->
	<property name="wl.host" value="localhost"/>
	<property name="user.port" value="2003"/>
	<!-- setup test environment. -->
	<setup>
		<appServer enableSimulator="false" enableWisegate="false">
			<remoteProviderUrl>t3://${wl.host}:${user.port}</remoteProviderUrl>
			<cactusContextUrl>http://${wl.host}:${user.port}/operations</cactusContextUrl>
		</appServer>
		<log>
			<file>stdout</file>
			<level>debug2</level>
		</log>
	</setup>
	<configSimulator>
		<!--
		<dataSource>
			<name>enterprise.CPADDataSource</name>
			<dbUrl>jdbc:oracle:thin:@odissi.gte.com:1522:VTBDEV9</dbUrl>
			<dbUser>esgapp</dbUser>
			<dbPwd>esgapp</dbPwd>
		</dataSource>
			-->
		<dataSource>
			<name>enterprise.CPADDataSource</name>
			<dbUrl>jdbc:oracle:thin:@haoxu.dhcp.gte.com:1521:haoxu</dbUrl>
			<dbUser>scott</dbUser>
			<dbPwd>tiger</dbPwd>
		</dataSource>
	</configSimulator>
	<loop num="3">
		<thread>
			<loop num="10">
				<cactus method="testInMemoryDispatcher" cname="ScheduleManagerTest">
					<arg name="schedule interval in seconds">2</arg>
					<arg name="failure allowance">1</arg>
				</cactus>
			</loop>
		</thread>
	</loop>
	<loop num="1">
		<thread>
			<cactus method="testScheduleManagement" cname="ScheduleManagerTest" disabled="false"/>
			<cactus method="testCreatePersistentSchedule" cname="ScheduleManagerTest" disabled="false"/>
		</thread>
	</loop>
	<loop num="1">
		<thread>
			<cactus method="testUpdatePersistentSchedule" cname="ScheduleManagerTest"/>
		</thread>
	</loop>
</testScript>
