<?xml version="1.0" encoding="UTF-8"?>
<testScript xmlns:xsi="http://www.w3.org/2001/XMLSchema-instance" xsi:noNamespaceSchemaLocation="http://vzdev.verizon.com/schema/vzunit.xsd">
	<!-- setup test environment. -->
	<property name="wl_host" value="localhost"/>
	<property name="user.port" value="2042"/>
	<setup>
		<appServer enableSimulator="false" enableWisegate="false">
			<remoteProviderUrl>t3://${wl_host}:${user.port}</remoteProviderUrl>
			<!--webUrlPrefix>http://mecha:8433/operations/Workflow/routing/</webUrlPrefix-->
			<cactusContextUrl>http://${wl_host}:${user.port}/operations</cactusContextUrl>
		</appServer>
		<log>
			<file>stdout</file>
			<level>debug2</level>
		</log>
	</setup>
	<!-- config app server simulator -->
	<configSimulator>
		<ejb>
			<interface>com.verizon.enterprise.vps.middleware.ScheduleAdmin</interface>
			<bean>com.verizon.enterprise.vps.middleware.ScheduleAdminBean</bean>
			<home>com.verizon.enterprise.vps.middleware.ScheduleAdminHome</home>
			<jndi>enterprise.ScheduleAdmin</jndi>
			<service>ScheduleAdmin</service>
		</ejb>
		<dataSource>
			<name>enterprise.CPADDataSource</name>
			<dbUrl>jdbc:oracle:thin:@odissi.gte.com:1521:VTBDEV2</dbUrl>
			<dbUser>esgapp</dbUser>
			<dbPwd>esgapp</dbPwd>
		</dataSource>
		<!--	
		<dataSource>
			<name>enterprise.CPADDataSource</name>
			<dbUrl>jdbc:oracle:thin:@haoxu.dhcp.gte.com:1521:haoxu</dbUrl>
			<dbUser>scott</dbUser>
			<dbPwd>tiger</dbPwd>
		</dataSource>
                -->
	</configSimulator>
	<invoke method="getScript" cname="com.verizon.enterprise.vps.db.TestScriptDatalayer" disabled="true">
		<arg name="name">enterprise.ordering.FR.isAddressValid</arg>
	</invoke>
	<invoke method="testScriptTask" cname="com.verizon.enterprise.vps.dataobjects.TestScriptTask" disabled="true">
		<arg name="name">enterprise.ordering.FR.isAddressValid</arg>
		<arg name="hashMap" type="java.util.HashMap">
			<entry>
				<key type="java.lang.String">v1</key>
				<value type="java.lang.String">XXXXXXXXXX</value>
			</entry>
		</arg>
	</invoke>
	<invoke method="run" cname="com.verizon.enterprise.vps.script.engine.TestScriptRunner" disabled="true">
		<arg name="name">enterprise.ordering.FR.isAddressValid</arg>
		<arg name="hashMap" type="java.util.HashMap">
			<entry>
				<key type="java.lang.String">v1</key>
				<value type="java.lang.String">XXXXXXXXXX</value>
			</entry>
		</arg>
	</invoke>
	<loop num="1">
		<invoke method="testBeanXml" cname="com.verizon.enterprise.vps.dataobjects.TestScriptTask" disabled="true"/>
	</loop>
	<invoke method="testBshEngine" cname="com.verizon.enterprise.vps.script.engine.TestScriptRunner" disabled="false"/>
	<invoke method="testBshEngineFromDB" cname="com.verizon.enterprise.vps.script.engine.TestScriptRunner" disabled="false">
		<arg name="name">enterprise.test.bsh.001</arg>
		<arg name="hashMap" type="java.util.HashMap">
			<entry>
				<key type="java.lang.String">hello</key>
				<value type="java.lang.String">Hello, World!</value>
			</entry>
			<entry>
				<key type="java.lang.String">firstName</key>
				<value type="java.lang.String">Zhong</value>
			</entry>
			<entry>
				<key type="java.lang.String">lastName</key>
				<value type="java.lang.String">Chen</value>
			</entry>
		</arg>
		<arg name="result">Hello, World!Chen, Zhong</arg>
	</invoke>
	<cactus method="scheduleScriptTaskPersist" cname="com.verizon.enterprise.vps.dataobjects.TestScriptTask" disabled="true">
		<arg name="name">enterprise.test.5</arg>
		<arg name="hashMap" type="java.util.HashMap">
			<entry>
				<key type="java.lang.String">v1</key>
				<value type="java.lang.String">XXXXXXXXXX</value>
			</entry>
		</arg>
		<arg name="remove">true</arg>
	</cactus>
</testScript>
