<?xml version="1.0" encoding="UTF-8"?>
<testScript xmlns:xsi="http://www.w3.org/2001/XMLSchema-instance" xsi:noNamespaceSchemaLocation="http://vzdev.verizon.com/schema/vzunit.xsd" cprefix="com.verizon.enterprise.vps.schedule">
	<!-- default properties -->
	<!--<property name="wl.host" value="132.197.101.228"/>
	<property name="user.port" value="9007"/>-->
	<!-- setup test environment. -->
	<setup>
		<appServer enableSimulator="false" enableWisegate="false">
			<remoteProviderUrl>t3://${wl.host}:${user.port}</remoteProviderUrl>
			<cactusContextUrl>http://${wl.host}:${user.port}/operations/cactus</cactusContextUrl>
		</appServer>
		<log>
			<file>stdout</file>
			<level>debug2</level>
		</log>
	</setup>
	<configSimulator>
		<dataSource>
			<name>enterprise.CPADDataSource</name>
			<dbUrl>jdbc:oracle:thin:@odissi.gte.com:1522:VTBDEV84</dbUrl>
			<dbUser>esgapp</dbUser>
			<dbPwd>esgapp</dbPwd>
		</dataSource>
	</configSimulator>
	<thread>
		<cactus method="testMDB" cname="com.verizon.enterprise.vps.core.TestExecutionTask" disabled="false">
			<arg name="index">31415920</arg>
			<arg name="range">30</arg>
			<arg name="delay">180</arg>
		</cactus>
	</thread>
	<thread>
		<cactus method="testMDB" cname="com.verizon.enterprise.vps.core.TestExecutionTask" disabled="false">
			<arg name="index">31415921</arg>
			<arg name="range">250</arg>
		</cactus>
	</thread>
	<thread>
		<cactus method="testMDB" cname="com.verizon.enterprise.vps.core.TestExecutionTask" disabled="false">
			<arg name="index">31415922</arg>
			<arg name="range">250</arg>
		</cactus>
	</thread>
	<thread>
		<cactus method="testMDB" cname="com.verizon.enterprise.vps.core.TestExecutionTask" disabled="false">
			<arg name="index">31415923</arg>
			<arg name="range">250</arg>
		</cactus>
	</thread>
	<thread>
		<cactus method="testMDB" cname="com.verizon.enterprise.vps.core.TestExecutionTask" disabled="false">
			<arg name="index">31415924</arg>
			<arg name="range">250</arg>
		</cactus>
	</thread>
	<thread>
		<cactus method="testMDB" cname="com.verizon.enterprise.vps.core.TestExecutionTask" disabled="false">
			<arg name="index">31415925</arg>
			<arg name="range">250</arg>
		</cactus>
	</thread>
	<thread>
		<cactus method="testMDB" cname="com.verizon.enterprise.vps.core.TestExecutionTask" disabled="false">
			<arg name="index">31415926</arg>
			<arg name="range">250</arg>
		</cactus>
	</thread>
	<thread>
		<cactus method="testMDB" cname="com.verizon.enterprise.vps.core.TestExecutionTask" disabled="false">
			<arg name="index">31415927</arg>
			<arg name="range">250</arg>
		</cactus>
	</thread>
	<thread>
		<cactus method="testMDB" cname="com.verizon.enterprise.vps.core.TestExecutionTask" disabled="false">
			<arg name="index">31415928</arg>
			<arg name="range">250</arg>
		</cactus>
	</thread>
	<thread>
		<cactus method="testMDB" cname="com.verizon.enterprise.vps.core.TestExecutionTask" disabled="false">
			<arg name="index">31415929</arg>
			<arg name="range">250</arg>
		</cactus>
	</thread>

	<thread>
		<cactus method="testMDB" cname="com.verizon.enterprise.vps.core.TestExecutionTask" disabled="false">
			<arg name="index">41415920</arg>
			<arg name="range">30</arg>
			<arg name="delay">180</arg>
		</cactus>
	</thread>
	<thread>
		<cactus method="testMDB" cname="com.verizon.enterprise.vps.core.TestExecutionTask" disabled="false">
			<arg name="index">41415921</arg>
			<arg name="range">250</arg>
		</cactus>
	</thread>
	<thread>
		<cactus method="testMDB" cname="com.verizon.enterprise.vps.core.TestExecutionTask" disabled="false">
			<arg name="index">41415922</arg>
			<arg name="range">250</arg>
		</cactus>
	</thread>
	<thread>
		<cactus method="testMDB" cname="com.verizon.enterprise.vps.core.TestExecutionTask" disabled="false">
			<arg name="index">41415923</arg>
			<arg name="range">250</arg>
		</cactus>
	</thread>
	<thread>
		<cactus method="testMDB" cname="com.verizon.enterprise.vps.core.TestExecutionTask" disabled="false">
			<arg name="index">41415924</arg>
			<arg name="range">250</arg>
		</cactus>
	</thread>
	<thread>
		<cactus method="testMDB" cname="com.verizon.enterprise.vps.core.TestExecutionTask" disabled="false">
			<arg name="index">41415925</arg>
			<arg name="range">250</arg>
		</cactus>
	</thread>
	<thread>
		<cactus method="testMDB" cname="com.verizon.enterprise.vps.core.TestExecutionTask" disabled="false">
			<arg name="index">41415926</arg>
			<arg name="range">250</arg>
		</cactus>
	</thread>
	<thread>
		<cactus method="testMDB" cname="com.verizon.enterprise.vps.core.TestExecutionTask" disabled="false">
			<arg name="index">41415927</arg>
			<arg name="range">250</arg>
		</cactus>
	</thread>
	<thread>
		<cactus method="testMDB" cname="com.verizon.enterprise.vps.core.TestExecutionTask" disabled="false">
			<arg name="index">41415928</arg>
			<arg name="range">250</arg>
		</cactus>
	</thread>
	<thread>
		<cactus method="testMDB" cname="com.verizon.enterprise.vps.core.TestExecutionTask" disabled="false">
			<arg name="index">41415929</arg>
			<arg name="range">250</arg>
		</cactus>
	</thread>

	<thread>
		<cactus method="testMDB" cname="com.verizon.enterprise.vps.core.TestExecutionTask" disabled="false">
			<arg name="index">51415920</arg>
			<arg name="range">30</arg>
			<arg name="delay">180</arg>
		</cactus>
	</thread>
	<thread>
		<cactus method="testMDB" cname="com.verizon.enterprise.vps.core.TestExecutionTask" disabled="false">
			<arg name="index">51415921</arg>
			<arg name="range">250</arg>
		</cactus>
	</thread>
	<thread>
		<cactus method="testMDB" cname="com.verizon.enterprise.vps.core.TestExecutionTask" disabled="false">
			<arg name="index">51415922</arg>
			<arg name="range">250</arg>
		</cactus>
	</thread>
	<thread>
		<cactus method="testMDB" cname="com.verizon.enterprise.vps.core.TestExecutionTask" disabled="false">
			<arg name="index">51415923</arg>
			<arg name="range">250</arg>
		</cactus>
	</thread>
	<thread>
		<cactus method="testMDB" cname="com.verizon.enterprise.vps.core.TestExecutionTask" disabled="false">
			<arg name="index">51415924</arg>
			<arg name="range">250</arg>
		</cactus>
	</thread>
	<thread>
		<cactus method="testMDB" cname="com.verizon.enterprise.vps.core.TestExecutionTask" disabled="false">
			<arg name="index">51415925</arg>
			<arg name="range">250</arg>
		</cactus>
	</thread>
	<thread>
		<cactus method="testMDB" cname="com.verizon.enterprise.vps.core.TestExecutionTask" disabled="false">
			<arg name="index">51415926</arg>
			<arg name="range">250</arg>
		</cactus>
	</thread>
	<thread>
		<cactus method="testMDB" cname="com.verizon.enterprise.vps.core.TestExecutionTask" disabled="false">
			<arg name="index">51415927</arg>
			<arg name="range">250</arg>
		</cactus>
	</thread>
	<thread>
		<cactus method="testMDB" cname="com.verizon.enterprise.vps.core.TestExecutionTask" disabled="false">
			<arg name="index">51415928</arg>
			<arg name="range">250</arg>
		</cactus>
	</thread>
	<thread>
		<cactus method="testMDB" cname="com.verizon.enterprise.vps.core.TestExecutionTask" disabled="false">
			<arg name="index">51415929</arg>
			<arg name="range">250</arg>
		</cactus>
	</thread>
</testScript>
