<?xml version="1.0" encoding="UTF-8"?>
<testScript xmlns:xsi="http://www.w3.org/2001/XMLSchema-instance" xsi:noNamespaceSchemaLocation="http://vzdev.verizon.com/schema/vzunit.xsd" cprefix="com.verizon.enterprise.vps.middleware">
	<!-- default properties -->
	<property name="wl.host" value="localhost"/>
	<property name="user.port" value="2003"/>
	<!-- setup test environment. -->
	<setup>
		<appServer enableSimulator="true" enableWisegate="false">
			<remoteProviderUrl>t3://${wl.host}:${user.port}</remoteProviderUrl>
			<cactusContextUrl>http://${wl.host}:${user.port}/operations</cactusContextUrl>
		</appServer>
		<log>
			<file>stdout</file>
			<level>debug2</level>
		</log>
	</setup>
	<configSimulator>
		<ejb>
			<interface>com.verizon.enterprise.vps.middleware.ScheduleAdmin</interface>
			<bean>com.verizon.enterprise.vps.middleware.ScheduleAdminBean</bean>
			<home>com.verizon.enterprise.vps.middleware.ScheduleAdminHome</home>
			<jndi>enterprise.ScheduleAdmin</jndi>
			<service>ScheduleAdmin</service>
		</ejb>
		<dataSource>
			<name>enterprise.CPADDataSource</name>
			<dbUrl>jdbc:oracle:thin:@odissi.gte.com:1522:VTBDEV1</dbUrl>
			<dbUser>esgapp</dbUser>
			<dbPwd>esgapp</dbPwd>
		</dataSource>
	</configSimulator>
	<invoke method="selectTaskInstance" cname="com.verizon.enterprise.vps.ui.TestTableAccess">
		<arg name="condition">where job_ref_oid = 24398 order by start_time DESC</arg>		
	</invoke>
	<invoke method="cursorTest" cname="com.verizon.enterprise.vps.ui.TestTableAccess">
		<arg name="pageSize">10</arg>
		<arg name="pageNum">1</arg>
		<arg name="action">5</arg>
		<arg name="condition">where job_ref_oid = 24398 order by start_time DESC</arg>		
	</invoke>
	<exit/>
	<invoke method="createSchedule" cname="ScheduleBeanTest" disabled="false">
		<arg name="name">Daily Test -test only</arg>
		<arg name="schedule">DAILY|15:30:00</arg>
		<arg name="taskXML"><![CDATA[<invoke class="com.verizon.enterprise.vps.core.TaskTest" method="hello"><arg>Tester</arg></invoke>]]></arg>
		<arg name="removeAfterCreate">true</arg>
	</invoke>
	<invoke method="createSchedule" cname="ScheduleBeanTest" disabled="true">
		<arg name="name">BeanShell Test 3</arg>
		<arg name="schedule">FIXED_RATE|20</arg>
		<arg name="taskXML"><![CDATA[
	<script language="beanshell">
		System.out.println("Hello, BeanShell. -From script tag test 3");
	</script>
		]]></arg>
		<arg name="removeAfterCreate">false</arg>
	</invoke>
	<invoke method="testScriptPersistTask" cname="com.verizon.enterprise.vps.core.TaskTest"/>
	<invoke method="testJsEngine" cname="com.verizon.enterprise.vps.script.engine.TestScriptRunner" disabled="false"/>
	<invoke method="testBshEngine" cname="com.verizon.enterprise.vps.script.engine.TestScriptRunner" disabled="false"/>
	<invoke method="runByContent" cname="com.verizon.enterprise.vps.script.engine.ScriptRunner">
		<arg name="scriptContent"><![CDATA[
		System.out.println("Hello, BeanShell.");
		System.out.println(registry.getHashMap());
		]]></arg>
		<arg name="hashMap" type="java.util.HashMap">
			<entry>
				<key type="java.lang.String">hello</key>
				<value type="java.lang.String">Hello, World!</value>
			</entry>
			<entry>
				<key type="java.lang.String">firstName</key>
				<value type="java.lang.String">Zhong</value>
			</entry>
			<entry>
				<key type="java.lang.String">lastName</key>
				<value type="java.lang.String">Chen</value>
			</entry>
		</arg>
		<arg name="language">BeanShell</arg>
	</invoke>
</testScript>
