<?xml version="1.0" encoding="UTF-8"?>
<testScript xmlns:xsi="http://www.w3.org/2001/XMLSchema-instance" xsi:noNamespaceSchemaLocation="http://vzdev.verizon.com/schema/vzunit.xsd" cprefix="com.verizon.enterprise.vps.middleware">
	<!-- default properties -->
	<property name="wl.host" value="localhost"/>
	<property name="user.port" value="2003"/>
	<!-- setup test environment. -->
	<setup>
		<appServer enableSimulator="false" enableWisegate="false">
			<remoteProviderUrl>t3://${wl.host}:${user.port}</remoteProviderUrl>
			<cactusContextUrl>http://${wl.host}:${user.port}/operations</cactusContextUrl>
		</appServer>
		<log>
			<file>stdout</file>
			<level>debug2</level>
		</log>
	</setup>
	<configSimulator>
		<ejb>
			<interface>com.verizon.enterprise.vps.middleware.ScheduleAdmin</interface>
			<bean>com.verizon.enterprise.vps.middleware.ScheduleAdminBean</bean>
			<home>com.verizon.enterprise.vps.middleware.ScheduleAdminHome</home>
			<jndi>enterprise.ScheduleAdmin</jndi>
			<service>ScheduleAdmin</service>
		</ejb>
		<dataSource>
			<name>enterprise.CPADDataSource</name>
			<dbUrl>jdbc:oracle:thin:@odissi.gte.com:1522:VTBDEV1</dbUrl>
			<dbUser>esgapp</dbUser>
			<dbPwd>esgapp</dbPwd>
		</dataSource>
		<!--
		<dataSource>
			<name>enterprise.CPADDataSource</name>
			<dbUrl>jdbc:oracle:thin:@haoxu.dhcp.gte.com:1521:haoxu</dbUrl>
			<dbUser>scott</dbUser>
			<dbPwd>tiger</dbPwd>
		</dataSource>
			-->
	</configSimulator>
	<loop num="4">
		<thread>
			<loop num="100">
				<invoke method="createSchedule" cname="ScheduleBeanTest" disabled="false">
					<arg name="name">Daily Test -test only</arg>
					<arg name="schedule">DAILY|15:30:00</arg>
					<arg name="taskXML"><![CDATA[<invoke class="com.verizon.enterprise.vps.core.TaskTest" method="hello"><arg>Tester</arg></invoke>]]></arg>
					<arg name="removeAfterCreate">true</arg>
				</invoke>
				<invoke method="createSchedule" cname="ScheduleBeanTest">
					<arg name="name">Once Test -test only</arg>
					<arg name="schedule">ONCE</arg>
					<arg name="taskXML"><![CDATA[<invoke class="com.verizon.enterprise.vps.core.TaskTest" method="hello"><arg>Tester</arg></invoke>]]></arg>
					<arg name="removeAfterCreate">true</arg>
				</invoke>
				<invoke method="createSchedule" cname="ScheduleBeanTest" disabled="false">
					<arg name="name">Weekly Test -testonly</arg>
					<arg name="schedule">WEEKLY|WED|11:30:00</arg>
					<arg name="taskXML"><![CDATA[<invoke class="com.verizon.enterprise.vps.core.TaskTest" method="hello"><arg>Tester</arg></invoke>]]></arg>
					<arg name="removeAfterCreate">true</arg>
				</invoke>
				<invoke method="createSchedule" cname="ScheduleBeanTest" disabled="false">
					<arg name="name">FixRate Test -testonly</arg>
					<arg name="schedule">FIXED_RATE|60</arg>
					<arg name="taskXML"><![CDATA[<invoke class="com.verizon.enterprise.vps.core.TaskTest" method="hello"><arg>Tester</arg></invoke>]]></arg>
					<arg name="removeAfterCreate">true</arg>
				</invoke>
			</loop>
		</thread>
	</loop>
</testScript>
