<?xml version="1.0" encoding="UTF-8"?>
<testScript xmlns:xsi="http://www.w3.org/2001/XMLSchema-instance" xsi:noNamespaceSchemaLocation="http://vzdev.verizon.com/schema/vzunit.xsd">
	<!-- default properties -->
	<property name="wl.host" value="localhost"/>
	<property name="user.port" value="2003"/>
	<!-- setup test environment. -->
	<setup>
		<appServer enableSimulator="false" enableWisegate="false">
			<remoteProviderUrl>t3://${wl.host}:${user.port}</remoteProviderUrl>
			<cactusContextUrl>http://${wl.host}:${user.port}/operations</cactusContextUrl>
		</appServer>
		<log>
			<file>stdout</file>
			<level>debug2</level>
		</log>
	</setup>
	<!-- config app server simulator -->
	<configSimulator>
		<ejb>
			<interface>com.verizon.enterprise.vps.middleware.ScheduleAdmin</interface>
			<bean>com.verizon.enterprise.vps.middleware.ScheduleAdminBean</bean>
			<home>com.verizon.enterprise.vps.middleware.ScheduleAdminHome</home>
			<jndi>enterprise.ScheduleAdmin</jndi>
			<service>ScheduleAdmin</service>
		</ejb>
		<dataSource>
			<name>enterprise.CPADDataSource</name>
			<dbUrl>jdbc:oracle:thin:@odissi.gte.com:1522:VTBDEV1</dbUrl>
			<dbUser>esgapp</dbUser>
			<dbPwd>esgapp</dbPwd>
		</dataSource>
		<!--
		<dataSource>
			<name>enterprise.CPADDataSource</name>
			<dbUrl>jdbc:oracle:thin:@haoxu.dhcp.gte.com:1521:haoxu</dbUrl>
			<dbUser>scott</dbUser>
			<dbPwd>tiger</dbPwd>
		</dataSource>
			-->
	</configSimulator>
	<invoke method="getScript" cname="com.verizon.enterprise.vps.db.TestScriptDatalayer" disabled="true">
		<arg name="name">enterprise.test.5</arg>
	</invoke>
	<invoke method="runScript" cname="com.verizon.enterprise.vps.script.engine.TestScriptEngine" disabled="true">
		<arg name="name">enterprise.test.5</arg>
	</invoke>
	<invoke method="testBshEngine" cname="com.verizon.enterprise.vps.script.engine.TestScriptRunner" disabled="false"/>
	<invoke method="runByContent" cname="com.verizon.enterprise.vps.script.engine.ScriptRunner" disabled="true">
		<arg name="scriptContent"> <![CDATA[
		System.out.println("Hello, BeanShell.");
		System.out.println(registry.getHashMap());
		]]></arg>
		<arg name="hashMap" type="java.util.HashMap">
			<entry>
				<key type="java.lang.String">hello</key>
				<value type="java.lang.String">Hello, World!</value>
			</entry>
			<entry>
				<key type="java.lang.String">firstName</key>
				<value type="java.lang.String">Zhong</value>
			</entry>
			<entry>
				<key type="java.lang.String">lastName</key>
				<value type="java.lang.String">Chen</value>
			</entry>
		</arg>
		<arg name="language">BeanShell</arg>
	</invoke>
</testScript>
