<?xml version="1.0" encoding="UTF-8"?>
<testScript xmlns:xsi="http://www.w3.org/2001/XMLSchema-instance" xsi:noNamespaceSchemaLocation="http://vzdev.verizon.com/schema/vzunit.xsd" cprefix="com.verizon.enterprise.vps.schedule">
	<!-- setup test environment. -->
	<setup>
		<appServer enableSimulator="true" enableWisegate="false">
			<!--remoteProviderUrl>t3://dabki:8787</remoteProviderUrl-->
			<!--webUrlPrefix>http://mecha:8433/operations/Workflow/routing/</webUrlPrefix-->
			<cactusContextUrl>http://localhost:2003/operations</cactusContextUrl>
		</appServer>
		<log>
			<file>stdout</file>
			<level>debug2</level>
		</log>
	</setup>
	<configSimulator>
		<!--
		<dataSource>
			<name>enterprise.CPADDataSource</name>
			<dbUrl>jdbc:oracle:thin:@odissi.gte.com:1522:VTBDEV9</dbUrl>
			<dbUser>esgapp</dbUser>
			<dbPwd>esgapp</dbPwd>
		</dataSource>
			-->
		<dataSource>
			<name>enterprise.CPADDataSource</name>
			<dbUrl>jdbc:oracle:thin:@haoxu.dhcp.gte.com:1521:haoxu</dbUrl>
			<dbUser>scott</dbUser>
			<dbPwd>tiger</dbPwd>
		</dataSource>
	</configSimulator>
	<!-- test in schedule -->
	<loop num="3">
		<thread>
			<loop num="100">
				<cactus method="testInMemoryDispatcher" cname="ScheduleManagerTest"/>
			</loop>
		</thread>
	</loop>
	<loop num="1">
		<thread>
			<loop num="100">
				<cactus method="testCreatePersistentSchedule" cname="ScheduleManagerTest"/>
				<cactus method="testUpdatePersistentSchedule" cname="ScheduleManagerTest"/>
			</loop>
		</thread>
	</loop>
</testScript>
