<?xml version="1.0" encoding="UTF-8"?>
<testScript xmlns:xsi="http://www.w3.org/2001/XMLSchema-instance" xsi:noNamespaceSchemaLocation="http://vzdev.verizon.com/schema/vzunit.xsd" cprefix="com.verizon.enterprise.vps.schedule">
	<!-- default properties -->
	<property name="wl.host" value="localhost"/>
	<property name="user.port" value="9003"/>
	<!-- setup test environment. -->
	<setup>
		<appServer enableSimulator="false" enableWisegate="false">
			<remoteProviderUrl>t3://${wl.host}:${user.port}</remoteProviderUrl>
			<cactusContextUrl>http://${wl.host}:${user.port}/operations</cactusContextUrl>
		</appServer>
		<log>
			<file>stdout</file>
			<level>debug2</level>
		</log>
	</setup>
	<configSimulator>
		<!--
		<dataSource>
			<name>enterprise.CPADDataSource</name>
			<dbUrl>jdbc:oracle:thin:@odissi.gte.com:1522:VTBDEV9</dbUrl>
			<dbUser>esgapp</dbUser>
			<dbPwd>esgapp</dbPwd>
		</dataSource>
			-->
		<dataSource>
			<name>enterprise.CPADDataSource</name>
			<dbUrl>jdbc:oracle:thin:@haoxu.dhcp.gte.com:1521:haoxu</dbUrl>
			<dbUser>scott</dbUser>
			<dbPwd>tiger</dbPwd>
		</dataSource>
	</configSimulator>
	<!-- test schedule calculation -->
	<loop num="1">
		<invoke method="testScheduleCalculation" cname="com.verizon.enterprise.vps.schedule.ScheduleTest"/>
		<invoke method="testScheduleParser" cname="com.verizon.enterprise.vps.schedule.ScheduleTest"/>
	</loop>
	<!-- verify schedules -->
	<loop num="1">
		<invoke method="getNextSchedule" cname="com.verizon.enterprise.vps.schedule.ScheduleTest">
			<arg name="schedule">MONTHLY_NTH_WEEKDAY|4|0|SAT|12:34:56</arg>
			<arg name="now">2003-07-27 00:00:00</arg>
			<arg name="startEffectiveDate"/>
			<arg name="endEffectiveDate"/>
			<arg name="expectedDate">2003-08-23 12:34:56</arg>
		</invoke>
		<invoke method="getNextSchedule" cname="com.verizon.enterprise.vps.schedule.ScheduleTest">
			<arg name="schedule">MONTHLY_NTH_WEEKDAY|3|0|SAT|12:34:56</arg>
			<arg name="now">2003-07-27 00:00:00</arg>
			<arg name="startEffectiveDate"/>
			<arg name="endEffectiveDate"/>
			<arg name="expectedDate">2003-08-16 12:34:56</arg>
		</invoke>
		<invoke method="getNextSchedule" cname="com.verizon.enterprise.vps.schedule.ScheduleTest">
			<arg name="schedule">MONTHLY_NTH_WEEKDAY|1|0|SAT|12:34:56</arg>
			<arg name="now"/>
			<arg name="startEffectiveDate">2080-07-27 00:00:00</arg>
			<arg name="endEffectiveDate"/>
			<arg name="expectedDate">2080-08-03 12:34:56</arg>
		</invoke>
		<invoke method="getNextSchedule" cname="com.verizon.enterprise.vps.schedule.ScheduleTest">
			<arg name="schedule">MONTHLY_NTH_DAY|15|21:45:21</arg>
			<arg name="now">2003-07-12 01:02:03</arg>
			<arg name="startEffectiveDate"/>
			<arg name="endEffectiveDate"/>
			<arg name="expectedDate">2003-07-15 21:45:21</arg>
		</invoke>
		<invoke method="getNextSchedule" cname="com.verizon.enterprise.vps.schedule.ScheduleTest" label="daily2">
			<arg name="schedule">DAILY|12:34:56|3:4:5|5:6:7|5:5:5</arg>
			<arg name="now">2003-07-27 03:04:05</arg>
			<arg name="startEffectiveDate">2003-08-27 03:04:25</arg>
			<arg name="endEffectiveDate"/>
			<arg name="expectedDate">2003-08-27 05:05:05</arg>
		</invoke>
		<invoke method="getNextSchedule" cname="com.verizon.enterprise.vps.schedule.ScheduleTest" label="daily1">
			<arg name="schedule">DAILY|12:34:56|3:4:5</arg>
			<arg name="now">2003-07-27 00:00:00</arg>
			<arg name="startEffectiveDate"/>
			<arg name="endEffectiveDate"/>
			<arg name="expectedDate">2003-07-27 03:04:05</arg>
		</invoke>
		<invoke method="getNextSchedule" cname="com.verizon.enterprise.vps.schedule.ScheduleTest" label="daily3">
			<arg name="schedule">DAILY|12:34:56|3:4:5</arg>
			<arg name="now">2003-07-28 04:04:05</arg>
			<arg name="startEffectiveDate"/>
			<arg name="endEffectiveDate"/>
			<arg name="expectedDate">2003-07-28 12:34:56</arg>
		</invoke>
		<invoke method="getNextSchedule" cname="com.verizon.enterprise.vps.schedule.ScheduleTest" label="daily4">
			<arg name="schedule">DAILY|12:34:56|3:4:5|1:2:3</arg>
			<arg name="now">2003-07-28 02:04:05</arg>
			<arg name="startEffectiveDate"/>
			<arg name="endEffectiveDate"/>
			<arg name="expectedDate">2003-07-28 03:04:05</arg>
		</invoke>
	</loop>
	<!-- Test display schedule in human-readable format -->
	<loop num="1">
		<invoke method="displaySchedule" cname="com.verizon.enterprise.vps.schedule.ScheduleTest">
			<arg name="schedule">FIXED_RATE|460</arg>
			<arg name="display">Every 7 minutes 40 seconds</arg>
		</invoke>
		<invoke method="displaySchedule" cname="com.verizon.enterprise.vps.schedule.ScheduleTest">
			<arg name="schedule">FIXED_RATE|3600</arg>
			<arg name="display">Every 1 hour</arg>
		</invoke>
		<invoke method="displaySchedule" cname="com.verizon.enterprise.vps.schedule.ScheduleTest">
			<arg name="schedule">FIXED_RATE|3970</arg>
			<arg name="display">Every 1 hour 6 minutes 10 seconds</arg>
		</invoke>
		<invoke method="displaySchedule" cname="com.verizon.enterprise.vps.schedule.ScheduleTest">
			<arg name="schedule">ONCE</arg>
			<arg name="display">Once</arg>
		</invoke>
		<invoke method="displaySchedule" cname="com.verizon.enterprise.vps.schedule.ScheduleTest">
			<arg name="schedule">ONCE|2007-07-08 01:02:03</arg>
			<arg name="display">Once at 2007-07-08 01:02:03</arg>
		</invoke>
		<invoke method="displaySchedule" cname="com.verizon.enterprise.vps.schedule.ScheduleTest">
			<arg name="schedule">DAILY|01:02:03</arg>
			<arg name="display">At 01:02:03 daily</arg>
		</invoke>
		<invoke method="displaySchedule" cname="com.verizon.enterprise.vps.schedule.ScheduleTest">
			<arg name="schedule">WEEKLY|MON|01:02:03</arg>
			<arg name="display">At 01:02:03 on every MON</arg>
		</invoke>
		<invoke method="displaySchedule" cname="com.verizon.enterprise.vps.schedule.ScheduleTest">
			<arg name="schedule">MONTHLY_NTH_DAY|14|01:02:03</arg>
			<arg name="display">At 01:02:03 of every 14 day for each month</arg>
		</invoke>
		<invoke method="displaySchedule" cname="com.verizon.enterprise.vps.schedule.ScheduleTest">
			<arg name="schedule">MONTHLY_NTH_WEEKDAY|1|0|WED|01:02:03</arg>
			<arg name="display">At 01:02:03 of every 1st WED for each month</arg>
		</invoke>
	</loop>
	<loop num="1">
		<invoke method="testXmlPersistTask" cname="com.verizon.enterprise.vps.core.TaskTest"/>
		<invoke method="testScriptPersistTask" cname="com.verizon.enterprise.vps.core.TaskTest"/>
		<invoke method="runXmlPersistTask" cname="com.verizon.enterprise.vps.core.TaskTest">
			<arg><![CDATA[<invoke class="com.verizon.enterprise.vps.core.TaskTest" method="hello"><arg>Tester</arg></invoke>]]></arg>
		</invoke>
	</loop>
	<!-- test in memory schedule -->
	<loop num="3">
		<thread>
			<loop num="15">
				<cactus method="testInMemoryDispatcher" cname="ScheduleManagerTest">
					<arg name="schedule interval in seconds">2</arg>
					<arg name="failure allowance">1.0</arg>
				</cactus>
			</loop>
		</thread>
	</loop>
	<loop num="1">
		<thread>
			<loop num="1">
				<cactus method="testCreatePersistentSchedule" cname="ScheduleManagerTest"/>
				<cactus method="testUpdatePersistentSchedule" cname="ScheduleManagerTest"/>
				<cactus method="testScheduleManagement" cname="ScheduleManagerTest"/>
				<cactus method="testUpdateExpiredSchedule" cname="com.verizon.enterprise.vps.schedule.ScheduleManagerTest"/>
			</loop>
		</thread>
	</loop>
	<invoke method="testJsEngine" cname="com.verizon.enterprise.vps.script.engine.TestScriptRunner" disabled="false"/>
	<invoke method="testBshEngine" cname="com.verizon.enterprise.vps.script.engine.TestScriptRunner" disabled="false"/>
</testScript>
