<?xml version="1.0" encoding="UTF-8"?>
<testScript xmlns:xsi="http://www.w3.org/2001/XMLSchema-instance" xsi:noNamespaceSchemaLocation="http://vzdev.verizon.com/schema/vzunit.xsd" cprefix="com.verizon.enterprise.vps.util">
	<!-- setup test environment. -->
	<setup>
		<appServer enableSimulator="true" enableWisegate="false">
			<!--remoteProviderUrl>t3://dabki:8787</remoteProviderUrl-->
			<!--webUrlPrefix>http://mecha:8433/operations/Workflow/routing/</webUrlPrefix-->
		</appServer>
		<log>
			<file>stdout</file>
			<level>debug2</level>
		</log>
	</setup>
	<configSimulator>
		<!--
		<dataSource>
			<name>enterprise.CPADDataSource</name>
			<dbUrl>jdbc:oracle:thin:@odissi.gte.com:1522:VTBDEV9</dbUrl>
			<dbUser>esgapp</dbUser>
			<dbPwd>esgapp</dbPwd>
		</dataSource>
			-->
		<dataSource>
			<name>enterprise.CPADDataSource</name>
			<dbUrl>jdbc:oracle:thin:@haoxu.dhcp.gte.com:1521:haoxu</dbUrl>
			<dbUser>scott</dbUser>
			<dbPwd>tiger</dbPwd>
		</dataSource>
	</configSimulator>
	<loop num="0">
		<invoke method="testLog" cname="UtilTest"/>
		<invoke method="testDbConnect" cname="UtilTest"/>
	</loop>
	<loop num="1">
		<invoke method="testScheduleCalculation" cname="com.verizon.enterprise.vps.schedule.ScheduleTest"/>
		<invoke method="testScheduleParser" cname="com.verizon.enterprise.vps.schedule.ScheduleTest"/>
	</loop>
	<!-- verify schedules -->
	<loop num="1">
		<invoke method="testMonthlyScheduleByDate" cname="com.verizon.enterprise.vps.schedule.ScheduleTest"/>
		<invoke method="getNextSchedule" cname="com.verizon.enterprise.vps.schedule.ScheduleTest" label="monthly1">
			<arg name="schedule">MONTHLY_NTH_WEEKDAY|4|0|SAT|12:34:56</arg>
			<arg name="now">2003-07-27 00:00:00</arg>
			<arg name="startEffectiveDate"/>
			<arg name="endEffectiveDate"/>
			<arg name="expectedDate">2003-08-23 12:34:56</arg>
		</invoke>
		<invoke method="getNextSchedule" cname="com.verizon.enterprise.vps.schedule.ScheduleTest" label="monthly2">
			<arg name="schedule">MONTHLY_NTH_WEEKDAY|3|0|SAT|12:34:56</arg>
			<arg name="now">2003-07-27 00:00:00</arg>
			<arg name="startEffectiveDate"/>
			<arg name="endEffectiveDate"/>
			<arg name="expectedDate">2003-08-16 12:34:56</arg>
		</invoke>
		<invoke method="getNextSchedule" cname="com.verizon.enterprise.vps.schedule.ScheduleTest" label="monthly3">
			<arg name="schedule">MONTHLY_NTH_WEEKDAY|1|0|SAT|12:34:56</arg>
			<arg name="now"/>
			<arg name="startEffectiveDate">2080-07-27 00:00:00</arg>
			<arg name="endEffectiveDate"/>
			<arg name="expectedDate">2080-08-03 12:34:56</arg>
		</invoke>
		<invoke method="getNextSchedule" cname="com.verizon.enterprise.vps.schedule.ScheduleTest" label="monthly4">
			<arg name="schedule">MONTHLY_NTH_DAY|15|21:45:21</arg>
			<arg name="now">2003-07-12 01:02:03</arg>
			<arg name="startEffectiveDate"/>
			<arg name="endEffectiveDate"/>
			<arg name="expectedDate">2003-07-15 21:45:21</arg>
		</invoke>
	</loop>
	<loop num="1">
		<invoke method="testXmlPersistTask" cname="com.verizon.enterprise.vps.core.TaskTest"/>
		<invoke method="runXmlPersistTask" cname="com.verizon.enterprise.vps.core.TaskTest">
			<arg><![CDATA[<invoke class="com.verizon.enterprise.vps.core.TaskTest" method="hello"><arg>Tester</arg></invoke>]]></arg>
		</invoke>
	</loop>
	<loop num="1">
		<invoke method="displaySchedule" cname="com.verizon.enterprise.vps.schedule.ScheduleTest">
			<arg name="schedule">FIXED_RATE|460</arg>
			<arg name="display">Every 7 minute(s) 40 second(s)</arg>
		</invoke>
		<invoke method="displaySchedule" cname="com.verizon.enterprise.vps.schedule.ScheduleTest">
			<arg name="schedule">ONCE</arg>
			<arg name="display">Once</arg>
		</invoke>
		<invoke method="displaySchedule" cname="com.verizon.enterprise.vps.schedule.ScheduleTest">
			<arg name="schedule">ONCE|2007-07-08 01:02:03</arg>
			<arg name="display">Once at 2007-07-08 01:02:03</arg>
		</invoke>
		<invoke method="displaySchedule" cname="com.verizon.enterprise.vps.schedule.ScheduleTest">
			<arg name="schedule">DAILY|01:02:03</arg>
			<arg name="display">At 01:02:03 daily</arg>
		</invoke>
		<invoke method="displaySchedule" cname="com.verizon.enterprise.vps.schedule.ScheduleTest">
			<arg name="schedule">WEEKLY|MON|01:02:03</arg>
			<arg name="display">At 01:02:03 on every MON</arg>
		</invoke>
		<invoke method="displaySchedule" cname="com.verizon.enterprise.vps.schedule.ScheduleTest">
			<arg name="schedule">MONTHLY_NTH_DAY|14|01:02:03</arg>
			<arg name="display">At 01:02:03 of every 14 day for each month</arg>
		</invoke>
		<invoke method="displaySchedule" cname="com.verizon.enterprise.vps.schedule.ScheduleTest">
			<arg name="schedule">MONTHLY_NTH_WEEKDAY|1|0|WED|01:02:03</arg>
			<arg name="display">At 01:02:03 of every 1st WED for each month</arg>
		</invoke>
	</loop>
	<loop num="6">
		<thread>
			<loop num="100">
				<invoke method="testFixRateSchedule2" cname="com.verizon.enterprise.vps.schedule.ScheduleTest"/>
			</loop>
		</thread>
	</loop>
	<thread>
		<cactus method="testConfigRefresh" cname="com.verizon.enterprise.vps.util.UtilTest" disabled="false"/>
	</thread>
</testScript>
