{
"auth": {
"oauth2": {
"scopes": {
"https://www.googleapis.com/auth/cloud-platform": {
"description": "See, edit, configure, and delete your Google Cloud data and see the email address for your Google Account."
}
}
}
},
"basePath": "",
"baseUrl": "https://observability.googleapis.com/",
"batchPath": "batch",
"canonicalName": "Cloud Observability",
"description": "",
"discoveryVersion": "v1",
"documentationLink": "https://cloud.google.com/stackdriver/docs/",
"fullyEncodeReservedExpansion": true,
"icons": {
"x16": "http://www.google.com/images/icons/product/search-16.gif",
"x32": "http://www.google.com/images/icons/product/search-32.gif"
},
"id": "observability:v1",
"kind": "discovery#restDescription",
"mtlsRootUrl": "https://observability.mtls.googleapis.com/",
"name": "observability",
"ownerDomain": "google.com",
"ownerName": "Google",
"parameters": {
"$.xgafv": {
"description": "V1 error format.",
"enum": [
"1",
"2"
],
"enumDescriptions": [
"v1 error format",
"v2 error format"
],
"location": "query",
"type": "string"
},
"access_token": {
"description": "OAuth access token.",
"location": "query",
"type": "string"
},
"alt": {
"default": "json",
"description": "Data format for response.",
"enum": [
"json",
"media",
"proto"
],
"enumDescriptions": [
"Responses with Content-Type of application/json",
"Media download with context-dependent Content-Type",
"Responses with Content-Type of application/x-protobuf"
],
"location": "query",
"type": "string"
},
"callback": {
"description": "JSONP",
"location": "query",
"type": "string"
},
"fields": {
"description": "Selector specifying which fields to include in a partial response.",
"location": "query",
"type": "string"
},
"key": {
"description": "API key. Your API key identifies your project and provides you with API access, quota, and reports. Required unless you provide an OAuth 2.0 token.",
"location": "query",
"type": "string"
},
"oauth_token": {
"description": "OAuth 2.0 token for the current user.",
"location": "query",
"type": "string"
},
"prettyPrint": {
"default": "true",
"description": "Returns response with indentations and line breaks.",
"location": "query",
"type": "boolean"
},
"quotaUser": {
"description": "Available to use for quota purposes for server-side applications. Can be any arbitrary string assigned to a user, but should not exceed 40 characters.",
"location": "query",
"type": "string"
},
"uploadType": {
"description": "Legacy upload protocol for media (e.g. \"media\", \"multipart\").",
"location": "query",
"type": "string"
},
"upload_protocol": {
"description": "Upload protocol for media (e.g. \"raw\", \"multipart\").",
"location": "query",
"type": "string"
}
},
"protocol": "rest",
"resources": {
"projects": {
"resources": {
"locations": {
"methods": {
"get": {
"description": "Gets information about a location.",
"flatPath": "v1/projects/{projectsId}/locations/{locationsId}",
"httpMethod": "GET",
"id": "observability.projects.locations.get",
"parameterOrder": [
"name"
],
"parameters": {
"name": {
"description": "Resource name for the location.",
"location": "path",
"pattern": "^projects/[^/]+/locations/[^/]+$",
"required": true,
"type": "string"
}
},
"path": "v1/{+name}",
"response": {
"$ref": "Location"
},
"scopes": [
"https://www.googleapis.com/auth/cloud-platform"
]
},
"list": {
"description": "Lists information about the supported locations for this service.",
"flatPath": "v1/projects/{projectsId}/locations",
"httpMethod": "GET",
"id": "observability.projects.locations.list",
"parameterOrder": [
"name"
],
"parameters": {
"extraLocationTypes": {
"description": "Optional. Unless explicitly documented otherwise, don't use this unsupported field which is primarily intended for internal usage.",
"location": "query",
"repeated": true,
"type": "string"
},
"filter": {
"description": "A filter to narrow down results to a preferred subset. The filtering language accepts strings like `\"displayName=tokyo\"`, and is documented in more detail in [AIP-160](https://google.aip.dev/160).",
"location": "query",
"type": "string"
},
"name": {
"description": "The resource that owns the locations collection, if applicable.",
"location": "path",
"pattern": "^projects/[^/]+$",
"required": true,
"type": "string"
},
"pageSize": {
"description": "The maximum number of results to return. If not set, the service selects a default.",
"format": "int32",
"location": "query",
"type": "integer"
},
"pageToken": {
"description": "A page token received from the `next_page_token` field in the response. Send that page token to receive the subsequent page.",
"location": "query",
"type": "string"
}
},
"path": "v1/{+name}/locations",
"response": {
"$ref": "ListLocationsResponse"
},
"scopes": [
"https://www.googleapis.com/auth/cloud-platform"
]
}
},
"resources": {
"operations": {
"methods": {
"cancel": {
"description": "Starts asynchronous cancellation on a long-running operation. The server makes a best effort to cancel the operation, but success is not guaranteed. If the server doesn't support this method, it returns `google.rpc.Code.UNIMPLEMENTED`. Clients can use Operations.GetOperation or other methods to check whether the cancellation succeeded or whether the operation completed despite cancellation. On successful cancellation, the operation is not deleted; instead, it becomes an operation with an Operation.error value with a google.rpc.Status.code of `1`, corresponding to `Code.CANCELLED`.",
"flatPath": "v1/projects/{projectsId}/locations/{locationsId}/operations/{operationsId}:cancel",
"httpMethod": "POST",
"id": "observability.projects.locations.operations.cancel",
"parameterOrder": [
"name"
],
"parameters": {
"name": {
"description": "The name of the operation resource to be cancelled.",
"location": "path",
"pattern": "^projects/[^/]+/locations/[^/]+/operations/[^/]+$",
"required": true,
"type": "string"
}
},
"path": "v1/{+name}:cancel",
"request": {
"$ref": "CancelOperationRequest"
},
"response": {
"$ref": "Empty"
},
"scopes": [
"https://www.googleapis.com/auth/cloud-platform"
]
},
"delete": {
"description": "Deletes a long-running operation. This method indicates that the client is no longer interested in the operation result. It does not cancel the operation. If the server doesn't support this method, it returns `google.rpc.Code.UNIMPLEMENTED`.",
"flatPath": "v1/projects/{projectsId}/locations/{locationsId}/operations/{operationsId}",
"httpMethod": "DELETE",
"id": "observability.projects.locations.operations.delete",
"parameterOrder": [
"name"
],
"parameters": {
"name": {
"description": "The name of the operation resource to be deleted.",
"location": "path",
"pattern": "^projects/[^/]+/locations/[^/]+/operations/[^/]+$",
"required": true,
"type": "string"
}
},
"path": "v1/{+name}",
"response": {
"$ref": "Empty"
},
"scopes": [
"https://www.googleapis.com/auth/cloud-platform"
]
},
"get": {
"description": "Gets the latest state of a long-running operation. Clients can use this method to poll the operation result at intervals as recommended by the API service.",
"flatPath": "v1/projects/{projectsId}/locations/{locationsId}/operations/{operationsId}",
"httpMethod": "GET",
"id": "observability.projects.locations.operations.get",
"parameterOrder": [
"name"
],
"parameters": {
"name": {
"description": "The name of the operation resource.",
"location": "path",
"pattern": "^projects/[^/]+/locations/[^/]+/operations/[^/]+$",
"required": true,
"type": "string"
}
},
"path": "v1/{+name}",
"response": {
"$ref": "Operation"
},
"scopes": [
"https://www.googleapis.com/auth/cloud-platform"
]
},
"list": {
"description": "Lists operations that match the specified filter in the request. If the server doesn't support this method, it returns `UNIMPLEMENTED`.",
"flatPath": "v1/projects/{projectsId}/locations/{locationsId}/operations",
"httpMethod": "GET",
"id": "observability.projects.locations.operations.list",
"parameterOrder": [
"name"
],
"parameters": {
"filter": {
"description": "The standard list filter.",
"location": "query",
"type": "string"
},
"name": {
"description": "The name of the operation's parent resource.",
"location": "path",
"pattern": "^projects/[^/]+/locations/[^/]+$",
"required": true,
"type": "string"
},
"pageSize": {
"description": "The standard list page size.",
"format": "int32",
"location": "query",
"type": "integer"
},
"pageToken": {
"description": "The standard list page token.",
"location": "query",
"type": "string"
},
"returnPartialSuccess": {
"description": "When set to `true`, operations that are reachable are returned as normal, and those that are unreachable are returned in the [ListOperationsResponse.unreachable] field. This can only be `true` when reading across collections e.g. when `parent` is set to `\"projects/example/locations/-\"`. This field is not by default supported and will result in an `UNIMPLEMENTED` error if set unless explicitly documented otherwise in service or product specific documentation.",
"location": "query",
"type": "boolean"
}
},
"path": "v1/{+name}/operations",
"response": {
"$ref": "ListOperationsResponse"
},
"scopes": [
"https://www.googleapis.com/auth/cloud-platform"
]
}
}
},
"scopes": {
"methods": {
"get": {
"description": "Gets details of a single Scope.",
"flatPath": "v1/projects/{projectsId}/locations/{locationsId}/scopes/{scopesId}",
"httpMethod": "GET",
"id": "observability.projects.locations.scopes.get",
"parameterOrder": [
"name"
],
"parameters": {
"name": {
"description": "Required. Name of the resource. The format is: projects/{project}/locations/{location}/scopes/{scope} The `{location}` field must be set to `global`. The `{scope}` field must be set to `_Default`.",
"location": "path",
"pattern": "^projects/[^/]+/locations/[^/]+/scopes/[^/]+$",
"required": true,
"type": "string"
}
},
"path": "v1/{+name}",
"response": {
"$ref": "Scope"
},
"scopes": [
"https://www.googleapis.com/auth/cloud-platform"
]
},
"patch": {
"description": "Updates the parameters of a single Scope.",
"flatPath": "v1/projects/{projectsId}/locations/{locationsId}/scopes/{scopesId}",
"httpMethod": "PATCH",
"id": "observability.projects.locations.scopes.patch",
"parameterOrder": [
"name"
],
"parameters": {
"name": {
"description": "Identifier. Name of the resource. The format is: projects/{project}/locations/{location}/scopes/{scope} The `{location}` field must be set to `global`. The `{scope}` field must be set to `_Default`.",
"location": "path",
"pattern": "^projects/[^/]+/locations/[^/]+/scopes/[^/]+$",
"required": true,
"type": "string"
},
"updateMask": {
"description": "Optional. Field mask is used to specify the fields to be overwritten in the Scope resource by the update. The fields specified in the update_mask are relative to the resource, not the full request. A field is overwritten when it is in the mask. If the user does not provide a mask, then all fields present in the request are overwritten.",
"format": "google-fieldmask",
"location": "query",
"type": "string"
}
},
"path": "v1/{+name}",
"request": {
"$ref": "Scope"
},
"response": {
"$ref": "Scope"
},
"scopes": [
"https://www.googleapis.com/auth/cloud-platform"
]
}
}
},
"traceScopes": {
"methods": {
"create": {
"description": "Create a new TraceScope.",
"flatPath": "v1/projects/{projectsId}/locations/{locationsId}/traceScopes",
"httpMethod": "POST",
"id": "observability.projects.locations.traceScopes.create",
"parameterOrder": [
"parent"
],
"parameters": {
"parent": {
"description": "Required. The full resource name of the location where the trace scope should be created projects/[PROJECT_ID]/locations/[LOCATION_ID] For example: projects/my-project/locations/global",
"location": "path",
"pattern": "^projects/[^/]+/locations/[^/]+$",
"required": true,
"type": "string"
},
"traceScopeId": {
"description": "Required. A client-assigned identifier for the trace scope.",
"location": "query",
"type": "string"
}
},
"path": "v1/{+parent}/traceScopes",
"request": {
"$ref": "TraceScope"
},
"response": {
"$ref": "TraceScope"
},
"scopes": [
"https://www.googleapis.com/auth/cloud-platform"
]
},
"delete": {
"description": "Delete a TraceScope.",
"flatPath": "v1/projects/{projectsId}/locations/{locationsId}/traceScopes/{traceScopesId}",
"httpMethod": "DELETE",
"id": "observability.projects.locations.traceScopes.delete",
"parameterOrder": [
"name"
],
"parameters": {
"name": {
"description": "Required. The full resource name of the trace scope to delete: projects/[PROJECT_ID]/locations/[LOCATION_ID]/traceScopes/[TRACE_SCOPE_ID] For example: projects/my-project/locations/global/traceScopes/my-trace-scope",
"location": "path",
"pattern": "^projects/[^/]+/locations/[^/]+/traceScopes/[^/]+$",
"required": true,
"type": "string"
}
},
"path": "v1/{+name}",
"response": {
"$ref": "Empty"
},
"scopes": [
"https://www.googleapis.com/auth/cloud-platform"
]
},
"get": {
"description": "Get TraceScope resource.",
"flatPath": "v1/projects/{projectsId}/locations/{locationsId}/traceScopes/{traceScopesId}",
"httpMethod": "GET",
"id": "observability.projects.locations.traceScopes.get",
"parameterOrder": [
"name"
],
"parameters": {
"name": {
"description": "Required. The resource name of the trace scope: projects/[PROJECT_ID]/locations/[LOCATION_ID]/traceScopes/[TRACE_SCOPE_ID] For example: projects/my-project/locations/global/traceScopes/my-trace-scope",
"location": "path",
"pattern": "^projects/[^/]+/locations/[^/]+/traceScopes/[^/]+$",
"required": true,
"type": "string"
}
},
"path": "v1/{+name}",
"response": {
"$ref": "TraceScope"
},
"scopes": [
"https://www.googleapis.com/auth/cloud-platform"
]
},
"list": {
"description": "List TraceScopes of a project in a particular location.",
"flatPath": "v1/projects/{projectsId}/locations/{locationsId}/traceScopes",
"httpMethod": "GET",
"id": "observability.projects.locations.traceScopes.list",
"parameterOrder": [
"parent"
],
"parameters": {
"pageSize": {
"description": "Optional. The maximum number of results to return from this request. Non-positive values are ignored. The presence of `next_page_token` in the response indicates that more results might be available.",
"format": "int32",
"location": "query",
"type": "integer"
},
"pageToken": {
"description": "Optional. If present, then retrieve the next batch of results from the preceding call to this method. `page_token` must be the value of `next_page_token` from the previous response. The values of other method parameters should be identical to those in the previous call.",
"location": "query",
"type": "string"
},
"parent": {
"description": "Required. The full resource name of the location to look for trace scopes: projects/[PROJECT_ID]/locations/[LOCATION_ID] For example: projects/my-project/locations/global",
"location": "path",
"pattern": "^projects/[^/]+/locations/[^/]+$",
"required": true,
"type": "string"
}
},
"path": "v1/{+parent}/traceScopes",
"response": {
"$ref": "ListTraceScopesResponse"
},
"scopes": [
"https://www.googleapis.com/auth/cloud-platform"
]
},
"patch": {
"description": "Update a TraceScope.",
"flatPath": "v1/projects/{projectsId}/locations/{locationsId}/traceScopes/{traceScopesId}",
"httpMethod": "PATCH",
"id": "observability.projects.locations.traceScopes.patch",
"parameterOrder": [
"name"
],
"parameters": {
"name": {
"description": "Identifier. The resource name of the trace scope. For example: projects/my-project/locations/global/traceScopes/my-trace-scope",
"location": "path",
"pattern": "^projects/[^/]+/locations/[^/]+/traceScopes/[^/]+$",
"required": true,
"type": "string"
},
"updateMask": {
"description": "Optional. The list of fields to update.",
"format": "google-fieldmask",
"location": "query",
"type": "string"
}
},
"path": "v1/{+name}",
"request": {
"$ref": "TraceScope"
},
"response": {
"$ref": "TraceScope"
},
"scopes": [
"https://www.googleapis.com/auth/cloud-platform"
]
}
}
}
}
}
}
}
},
"revision": "20250925",
"rootUrl": "https://observability.googleapis.com/",
"schemas": {
"CancelOperationRequest": {
"description": "The request message for Operations.CancelOperation.",
"id": "CancelOperationRequest",
"properties": {},
"type": "object"
},
"Empty": {
"description": "A generic empty message that you can re-use to avoid defining duplicated empty messages in your APIs. A typical example is to use it as the request or the response type of an API method. For instance: service Foo { rpc Bar(google.protobuf.Empty) returns (google.protobuf.Empty); }",
"id": "Empty",
"properties": {},
"type": "object"
},
"ListLocationsResponse": {
"description": "The response message for Locations.ListLocations.",
"id": "ListLocationsResponse",
"properties": {
"locations": {
"description": "A list of locations that matches the specified filter in the request.",
"items": {
"$ref": "Location"
},
"type": "array"
},
"nextPageToken": {
"description": "The standard List next-page token.",
"type": "string"
}
},
"type": "object"
},
"ListOperationsResponse": {
"description": "The response message for Operations.ListOperations.",
"id": "ListOperationsResponse",
"properties": {
"nextPageToken": {
"description": "The standard List next-page token.",
"type": "string"
},
"operations": {
"description": "A list of operations that matches the specified filter in the request.",
"items": {
"$ref": "Operation"
},
"type": "array"
},
"unreachable": {
"description": "Unordered list. Unreachable resources. Populated when the request sets `ListOperationsRequest.return_partial_success` and reads across collections e.g. when attempting to list all resources across all supported locations.",
"items": {
"type": "string"
},
"type": "array"
}
},
"type": "object"
},
"ListTraceScopesResponse": {
"description": "Response for listing TraceScopes.",
"id": "ListTraceScopesResponse",
"properties": {
"nextPageToken": {
"description": "Optional. If there might be more results than appear in this response, then `next_page_token` is included. To get the next set of results, call the same method again using the value of `next_page_token` as `page_token`.",
"type": "string"
},
"traceScopes": {
"description": "Optional. A list of trace scopes.",
"items": {
"$ref": "TraceScope"
},
"type": "array"
}
},
"type": "object"
},
"Location": {
"description": "A resource that represents a Google Cloud location.",
"id": "Location",
"properties": {
"displayName": {
"description": "The friendly name for this location, typically a nearby city name. For example, \"Tokyo\".",
"type": "string"
},
"labels": {
"additionalProperties": {
"type": "string"
},
"description": "Cross-service attributes for the location. For example {\"cloud.googleapis.com/region\": \"us-east1\"}",
"type": "object"
},
"locationId": {
"description": "The canonical id for this location. For example: `\"us-east1\"`.",
"type": "string"
},
"metadata": {
"additionalProperties": {
"description": "Properties of the object. Contains field @type with type URL.",
"type": "any"
},
"description": "Service-specific metadata. For example the available capacity at the given location.",
"type": "object"
},
"name": {
"description": "Resource name for the location, which may vary between implementations. For example: `\"projects/example-project/locations/us-east1\"`",
"type": "string"
}
},
"type": "object"
},
"Operation": {
"description": "This resource represents a long-running operation that is the result of a network API call.",
"id": "Operation",
"properties": {
"done": {
"description": "If the value is `false`, it means the operation is still in progress. If `true`, the operation is completed, and either `error` or `response` is available.",
"type": "boolean"
},
"error": {
"$ref": "Status",
"description": "The error result of the operation in case of failure or cancellation."
},
"metadata": {
"additionalProperties": {
"description": "Properties of the object. Contains field @type with type URL.",
"type": "any"
},
"description": "Service-specific metadata associated with the operation. It typically contains progress information and common metadata such as create time. Some services might not provide such metadata. Any method that returns a long-running operation should document the metadata type, if any.",
"type": "object"
},
"name": {
"description": "The server-assigned name, which is only unique within the same service that originally returns it. If you use the default HTTP mapping, the `name` should be a resource name ending with `operations/{unique_id}`.",
"type": "string"
},
"response": {
"additionalProperties": {
"description": "Properties of the object. Contains field @type with type URL.",
"type": "any"
},
"description": "The normal, successful response of the operation. If the original method returns no data on success, such as `Delete`, the response is `google.protobuf.Empty`. If the original method is standard `Get`/`Create`/`Update`, the response should be the resource. For other methods, the response should have the type `XxxResponse`, where `Xxx` is the original method name. For example, if the original method name is `TakeSnapshot()`, the inferred response type is `TakeSnapshotResponse`.",
"type": "object"
}
},
"type": "object"
},
"OperationMetadata": {
"description": "Represents the metadata of the long-running operation.",
"id": "OperationMetadata",
"properties": {
"apiVersion": {
"description": "Output only. API version used to start the operation.",
"readOnly": true,
"type": "string"
},
"createTime": {
"description": "Output only. The time the operation was created.",
"format": "google-datetime",
"readOnly": true,
"type": "string"
},
"endTime": {
"description": "Output only. The time the operation finished running.",
"format": "google-datetime",
"readOnly": true,
"type": "string"
},
"requestedCancellation": {
"description": "Output only. Identifies whether the user has requested cancellation of the operation. Operations that have been cancelled successfully have Operation.error value with a google.rpc.Status.code of 1, corresponding to `Code.CANCELLED`.",
"readOnly": true,
"type": "boolean"
},
"statusMessage": {
"description": "Output only. Human-readable status of the operation, if any.",
"readOnly": true,
"type": "string"
},
"target": {
"description": "Output only. Server-defined resource path for the target of the operation.",
"readOnly": true,
"type": "string"
},
"verb": {
"description": "Output only. Name of the verb executed by the operation.",
"readOnly": true,
"type": "string"
}
},
"type": "object"
},
"Scope": {
"description": "Message describing Scope object",
"id": "Scope",
"properties": {
"logScope": {
"description": "Required. The full resource name of the `LogScope`. For example: //logging.googleapis.com/projects/myproject/locations/global/logScopes/my-log-scope",
"type": "string"
},
"name": {
"description": "Identifier. Name of the resource. The format is: projects/{project}/locations/{location}/scopes/{scope} The `{location}` field must be set to `global`. The `{scope}` field must be set to `_Default`.",
"type": "string"
},
"traceScope": {
"description": "Required. The resource name of the `TraceScope`. For example: projects/myproject/locations/global/traceScopes/my-trace-scope",
"type": "string"
},
"updateTime": {
"description": "Output only. Update timestamp. Note: The Update timestamp for the default scope is initially unset.",
"format": "google-datetime",
"readOnly": true,
"type": "string"
}
},
"type": "object"
},
"Status": {
"description": "The `Status` type defines a logical error model that is suitable for different programming environments, including REST APIs and RPC APIs. It is used by [gRPC](https://github.com/grpc). Each `Status` message contains three pieces of data: error code, error message, and error details. You can find out more about this error model and how to work with it in the [API Design Guide](https://cloud.google.com/apis/design/errors).",
"id": "Status",
"properties": {
"code": {
"description": "The status code, which should be an enum value of google.rpc.Code.",
"format": "int32",
"type": "integer"
},
"details": {
"description": "A list of messages that carry the error details. There is a common set of message types for APIs to use.",
"items": {
"additionalProperties": {
"description": "Properties of the object. Contains field @type with type URL.",
"type": "any"
},
"type": "object"
},
"type": "array"
},
"message": {
"description": "A developer-facing error message, which should be in English. Any user-facing error message should be localized and sent in the google.rpc.Status.details field, or localized by the client.",
"type": "string"
}
},
"type": "object"
},
"TraceScope": {
"description": "A trace scope is a collection of resources whose traces are queried together.",
"id": "TraceScope",
"properties": {
"createTime": {
"description": "Output only. The creation timestamp of the trace scope.",
"format": "google-datetime",
"readOnly": true,
"type": "string"
},
"description": {
"description": "Optional. Describes this trace scope. The maximum length of the description is 8000 characters.",
"type": "string"
},
"name": {
"description": "Identifier. The resource name of the trace scope. For example: projects/my-project/locations/global/traceScopes/my-trace-scope",
"type": "string"
},
"resourceNames": {
"description": "Required. Names of the projects that are included in this trace scope. * `projects/[PROJECT_ID]` A trace scope can include a maximum of 20 projects.",
"items": {
"type": "string"
},
"type": "array"
},
"updateTime": {
"description": "Output only. The last update timestamp of the trace scope.",
"format": "google-datetime",
"readOnly": true,
"type": "string"
}
},
"type": "object"
}
},
"servicePath": "",
"title": "Observability API",
"version": "v1",
"version_module": true
}