{
"auth": {
"oauth2": {
"scopes": {
"https://www.googleapis.com/auth/cloud-platform": {
"description": "See, edit, configure, and delete your Google Cloud data and see the email address for your Google Account."
}
}
}
},
"basePath": "",
"baseUrl": "https://workflows.googleapis.com/",
"batchPath": "batch",
"canonicalName": "Workflows",
"description": "Manage workflow definitions. To execute workflows and manage executions, see the Workflows Executions API.",
"discoveryVersion": "v1",
"documentationLink": "https://cloud.google.com/workflows",
"fullyEncodeReservedExpansion": true,
"icons": {
"x16": "http://www.google.com/images/icons/product/search-16.gif",
"x32": "http://www.google.com/images/icons/product/search-32.gif"
},
"id": "workflows:v1",
"kind": "discovery#restDescription",
"mtlsRootUrl": "https://workflows.mtls.googleapis.com/",
"name": "workflows",
"ownerDomain": "google.com",
"ownerName": "Google",
"parameters": {
"$.xgafv": {
"description": "V1 error format.",
"enum": [
"1",
"2"
],
"enumDescriptions": [
"v1 error format",
"v2 error format"
],
"location": "query",
"type": "string"
},
"access_token": {
"description": "OAuth access token.",
"location": "query",
"type": "string"
},
"alt": {
"default": "json",
"description": "Data format for response.",
"enum": [
"json",
"media",
"proto"
],
"enumDescriptions": [
"Responses with Content-Type of application/json",
"Media download with context-dependent Content-Type",
"Responses with Content-Type of application/x-protobuf"
],
"location": "query",
"type": "string"
},
"callback": {
"description": "JSONP",
"location": "query",
"type": "string"
},
"fields": {
"description": "Selector specifying which fields to include in a partial response.",
"location": "query",
"type": "string"
},
"key": {
"description": "API key. Your API key identifies your project and provides you with API access, quota, and reports. Required unless you provide an OAuth 2.0 token.",
"location": "query",
"type": "string"
},
"oauth_token": {
"description": "OAuth 2.0 token for the current user.",
"location": "query",
"type": "string"
},
"prettyPrint": {
"default": "true",
"description": "Returns response with indentations and line breaks.",
"location": "query",
"type": "boolean"
},
"quotaUser": {
"description": "Available to use for quota purposes for server-side applications. Can be any arbitrary string assigned to a user, but should not exceed 40 characters.",
"location": "query",
"type": "string"
},
"uploadType": {
"description": "Legacy upload protocol for media (e.g. \"media\", \"multipart\").",
"location": "query",
"type": "string"
},
"upload_protocol": {
"description": "Upload protocol for media (e.g. \"raw\", \"multipart\").",
"location": "query",
"type": "string"
}
},
"protocol": "rest",
"resources": {
"projects": {
"resources": {
"locations": {
"methods": {
"get": {
"description": "Gets information about a location.",
"flatPath": "v1/projects/{projectsId}/locations/{locationsId}",
"httpMethod": "GET",
"id": "workflows.projects.locations.get",
"parameterOrder": [
"name"
],
"parameters": {
"name": {
"description": "Resource name for the location.",
"location": "path",
"pattern": "^projects/[^/]+/locations/[^/]+$",
"required": true,
"type": "string"
}
},
"path": "v1/{+name}",
"response": {
"$ref": "Location"
},
"scopes": [
"https://www.googleapis.com/auth/cloud-platform"
]
},
"list": {
"description": "Lists information about the supported locations for this service.",
"flatPath": "v1/projects/{projectsId}/locations",
"httpMethod": "GET",
"id": "workflows.projects.locations.list",
"parameterOrder": [
"name"
],
"parameters": {
"extraLocationTypes": {
"description": "Optional. Unless explicitly documented otherwise, don't use this unsupported field which is primarily intended for internal usage.",
"location": "query",
"repeated": true,
"type": "string"
},
"filter": {
"description": "A filter to narrow down results to a preferred subset. The filtering language accepts strings like `\"displayName=tokyo\"`, and is documented in more detail in [AIP-160](https://google.aip.dev/160).",
"location": "query",
"type": "string"
},
"name": {
"description": "The resource that owns the locations collection, if applicable.",
"location": "path",
"pattern": "^projects/[^/]+$",
"required": true,
"type": "string"
},
"pageSize": {
"description": "The maximum number of results to return. If not set, the service selects a default.",
"format": "int32",
"location": "query",
"type": "integer"
},
"pageToken": {
"description": "A page token received from the `next_page_token` field in the response. Send that page token to receive the subsequent page.",
"location": "query",
"type": "string"
}
},
"path": "v1/{+name}/locations",
"response": {
"$ref": "ListLocationsResponse"
},
"scopes": [
"https://www.googleapis.com/auth/cloud-platform"
]
}
},
"resources": {
"operations": {
"methods": {
"delete": {
"description": "Deletes a long-running operation. This method indicates that the client is no longer interested in the operation result. It does not cancel the operation. If the server doesn't support this method, it returns `google.rpc.Code.UNIMPLEMENTED`.",
"flatPath": "v1/projects/{projectsId}/locations/{locationsId}/operations/{operationsId}",
"httpMethod": "DELETE",
"id": "workflows.projects.locations.operations.delete",
"parameterOrder": [
"name"
],
"parameters": {
"name": {
"description": "The name of the operation resource to be deleted.",
"location": "path",
"pattern": "^projects/[^/]+/locations/[^/]+/operations/[^/]+$",
"required": true,
"type": "string"
}
},
"path": "v1/{+name}",
"response": {
"$ref": "Empty"
},
"scopes": [
"https://www.googleapis.com/auth/cloud-platform"
]
},
"get": {
"description": "Gets the latest state of a long-running operation. Clients can use this method to poll the operation result at intervals as recommended by the API service.",
"flatPath": "v1/projects/{projectsId}/locations/{locationsId}/operations/{operationsId}",
"httpMethod": "GET",
"id": "workflows.projects.locations.operations.get",
"parameterOrder": [
"name"
],
"parameters": {
"name": {
"description": "The name of the operation resource.",
"location": "path",
"pattern": "^projects/[^/]+/locations/[^/]+/operations/[^/]+$",
"required": true,
"type": "string"
}
},
"path": "v1/{+name}",
"response": {
"$ref": "Operation"
},
"scopes": [
"https://www.googleapis.com/auth/cloud-platform"
]
},
"list": {
"description": "Lists operations that match the specified filter in the request. If the server doesn't support this method, it returns `UNIMPLEMENTED`.",
"flatPath": "v1/projects/{projectsId}/locations/{locationsId}/operations",
"httpMethod": "GET",
"id": "workflows.projects.locations.operations.list",
"parameterOrder": [
"name"
],
"parameters": {
"filter": {
"description": "The standard list filter.",
"location": "query",
"type": "string"
},
"name": {
"description": "The name of the operation's parent resource.",
"location": "path",
"pattern": "^projects/[^/]+/locations/[^/]+$",
"required": true,
"type": "string"
},
"pageSize": {
"description": "The standard list page size.",
"format": "int32",
"location": "query",
"type": "integer"
},
"pageToken": {
"description": "The standard list page token.",
"location": "query",
"type": "string"
}
},
"path": "v1/{+name}/operations",
"response": {
"$ref": "ListOperationsResponse"
},
"scopes": [
"https://www.googleapis.com/auth/cloud-platform"
]
}
}
},
"workflows": {
"methods": {
"create": {
"description": "Creates a new workflow. If a workflow with the specified name already exists in the specified project and location, the long running operation returns a ALREADY_EXISTS error.",
"flatPath": "v1/projects/{projectsId}/locations/{locationsId}/workflows",
"httpMethod": "POST",
"id": "workflows.projects.locations.workflows.create",
"parameterOrder": [
"parent"
],
"parameters": {
"parent": {
"description": "Required. Project and location in which the workflow should be created. Format: projects/{project}/locations/{location}",
"location": "path",
"pattern": "^projects/[^/]+/locations/[^/]+$",
"required": true,
"type": "string"
},
"workflowId": {
"description": "Required. The ID of the workflow to be created. It has to fulfill the following requirements: * Must contain only letters, numbers, underscores and hyphens. * Must start with a letter. * Must be between 1-64 characters. * Must end with a number or a letter. * Must be unique within the customer project and location.",
"location": "query",
"type": "string"
}
},
"path": "v1/{+parent}/workflows",
"request": {
"$ref": "Workflow"
},
"response": {
"$ref": "Operation"
},
"scopes": [
"https://www.googleapis.com/auth/cloud-platform"
]
},
"delete": {
"description": "Deletes a workflow with the specified name. This method also cancels and deletes all running executions of the workflow.",
"flatPath": "v1/projects/{projectsId}/locations/{locationsId}/workflows/{workflowsId}",
"httpMethod": "DELETE",
"id": "workflows.projects.locations.workflows.delete",
"parameterOrder": [
"name"
],
"parameters": {
"name": {
"description": "Required. Name of the workflow to be deleted. Format: projects/{project}/locations/{location}/workflows/{workflow}",
"location": "path",
"pattern": "^projects/[^/]+/locations/[^/]+/workflows/[^/]+$",
"required": true,
"type": "string"
}
},
"path": "v1/{+name}",
"response": {
"$ref": "Operation"
},
"scopes": [
"https://www.googleapis.com/auth/cloud-platform"
]
},
"get": {
"description": "Gets details of a single workflow.",
"flatPath": "v1/projects/{projectsId}/locations/{locationsId}/workflows/{workflowsId}",
"httpMethod": "GET",
"id": "workflows.projects.locations.workflows.get",
"parameterOrder": [
"name"
],
"parameters": {
"name": {
"description": "Required. Name of the workflow for which information should be retrieved. Format: projects/{project}/locations/{location}/workflows/{workflow}",
"location": "path",
"pattern": "^projects/[^/]+/locations/[^/]+/workflows/[^/]+$",
"required": true,
"type": "string"
},
"revisionId": {
"description": "Optional. The revision of the workflow to retrieve. If the revision_id is empty, the latest revision is retrieved. The format is \"000001-a4d\", where the first six characters define the zero-padded decimal revision number. They are followed by a hyphen and three hexadecimal characters.",
"location": "query",
"type": "string"
}
},
"path": "v1/{+name}",
"response": {
"$ref": "Workflow"
},
"scopes": [
"https://www.googleapis.com/auth/cloud-platform"
]
},
"list": {
"description": "Lists workflows in a given project and location. The default order is not specified.",
"flatPath": "v1/projects/{projectsId}/locations/{locationsId}/workflows",
"httpMethod": "GET",
"id": "workflows.projects.locations.workflows.list",
"parameterOrder": [
"parent"
],
"parameters": {
"filter": {
"description": "Filter to restrict results to specific workflows. For details, see AIP-160. For example, if you are using the Google APIs Explorer: `state=\"SUCCEEDED\"` or `createTime>\"2023-08-01\" AND state=\"FAILED\"`",
"location": "query",
"type": "string"
},
"orderBy": {
"description": "Comma-separated list of fields that specify the order of the results. Default sorting order for a field is ascending. To specify descending order for a field, append a \"desc\" suffix. If not specified, the results are returned in an unspecified order.",
"location": "query",
"type": "string"
},
"pageSize": {
"description": "Maximum number of workflows to return per call. The service might return fewer than this value even if not at the end of the collection. If a value is not specified, a default value of 500 is used. The maximum permitted value is 1000 and values greater than 1000 are coerced down to 1000.",
"format": "int32",
"location": "query",
"type": "integer"
},
"pageToken": {
"description": "A page token, received from a previous `ListWorkflows` call. Provide this to retrieve the subsequent page. When paginating, all other parameters provided to `ListWorkflows` must match the call that provided the page token.",
"location": "query",
"type": "string"
},
"parent": {
"description": "Required. Project and location from which the workflows should be listed. Format: projects/{project}/locations/{location}",
"location": "path",
"pattern": "^projects/[^/]+/locations/[^/]+$",
"required": true,
"type": "string"
}
},
"path": "v1/{+parent}/workflows",
"response": {
"$ref": "ListWorkflowsResponse"
},
"scopes": [
"https://www.googleapis.com/auth/cloud-platform"
]
},
"listRevisions": {
"description": "Lists revisions for a given workflow.",
"flatPath": "v1/projects/{projectsId}/locations/{locationsId}/workflows/{workflowsId}:listRevisions",
"httpMethod": "GET",
"id": "workflows.projects.locations.workflows.listRevisions",
"parameterOrder": [
"name"
],
"parameters": {
"name": {
"description": "Required. Workflow for which the revisions should be listed. Format: projects/{project}/locations/{location}/workflows/{workflow}",
"location": "path",
"pattern": "^projects/[^/]+/locations/[^/]+/workflows/[^/]+$",
"required": true,
"type": "string"
},
"pageSize": {
"description": "The maximum number of revisions to return per page. If a value is not specified, a default value of 20 is used. The maximum permitted value is 100. Values greater than 100 are coerced down to 100.",
"format": "int32",
"location": "query",
"type": "integer"
},
"pageToken": {
"description": "The page token, received from a previous ListWorkflowRevisions call. Provide this to retrieve the subsequent page.",
"location": "query",
"type": "string"
}
},
"path": "v1/{+name}:listRevisions",
"response": {
"$ref": "ListWorkflowRevisionsResponse"
},
"scopes": [
"https://www.googleapis.com/auth/cloud-platform"
]
},
"patch": {
"description": "Updates an existing workflow. Running this method has no impact on already running executions of the workflow. A new revision of the workflow might be created as a result of a successful update operation. In that case, the new revision is used in new workflow executions.",
"flatPath": "v1/projects/{projectsId}/locations/{locationsId}/workflows/{workflowsId}",
"httpMethod": "PATCH",
"id": "workflows.projects.locations.workflows.patch",
"parameterOrder": [
"name"
],
"parameters": {
"name": {
"description": "The resource name of the workflow. Format: projects/{project}/locations/{location}/workflows/{workflow}. This is a workflow-wide field and is not tied to a specific revision.",
"location": "path",
"pattern": "^projects/[^/]+/locations/[^/]+/workflows/[^/]+$",
"required": true,
"type": "string"
},
"updateMask": {
"description": "List of fields to be updated. If not present, the entire workflow will be updated.",
"format": "google-fieldmask",
"location": "query",
"type": "string"
}
},
"path": "v1/{+name}",
"request": {
"$ref": "Workflow"
},
"response": {
"$ref": "Operation"
},
"scopes": [
"https://www.googleapis.com/auth/cloud-platform"
]
}
}
}
}
}
}
}
},
"revision": "20250916",
"rootUrl": "https://workflows.googleapis.com/",
"schemas": {
"Empty": {
"description": "A generic empty message that you can re-use to avoid defining duplicated empty messages in your APIs. A typical example is to use it as the request or the response type of an API method. For instance: service Foo { rpc Bar(google.protobuf.Empty) returns (google.protobuf.Empty); }",
"id": "Empty",
"properties": {},
"type": "object"
},
"ListLocationsResponse": {
"description": "The response message for Locations.ListLocations.",
"id": "ListLocationsResponse",
"properties": {
"locations": {
"description": "A list of locations that matches the specified filter in the request.",
"items": {
"$ref": "Location"
},
"type": "array"
},
"nextPageToken": {
"description": "The standard List next-page token.",
"type": "string"
}
},
"type": "object"
},
"ListOperationsResponse": {
"description": "The response message for Operations.ListOperations.",
"id": "ListOperationsResponse",
"properties": {
"nextPageToken": {
"description": "The standard List next-page token.",
"type": "string"
},
"operations": {
"description": "A list of operations that matches the specified filter in the request.",
"items": {
"$ref": "Operation"
},
"type": "array"
}
},
"type": "object"
},
"ListWorkflowRevisionsResponse": {
"description": "Response for the ListWorkflowRevisions method.",
"id": "ListWorkflowRevisionsResponse",
"properties": {
"nextPageToken": {
"description": "A token, which can be sent as `page_token` to retrieve the next page. If this field is omitted, there are no subsequent pages.",
"type": "string"
},
"workflows": {
"description": "The revisions of the workflow, ordered in reverse chronological order.",
"items": {
"$ref": "Workflow"
},
"type": "array"
}
},
"type": "object"
},
"ListWorkflowsResponse": {
"description": "Response for the ListWorkflows method.",
"id": "ListWorkflowsResponse",
"properties": {
"nextPageToken": {
"description": "A token, which can be sent as `page_token` to retrieve the next page. If this field is omitted, there are no subsequent pages.",
"type": "string"
},
"unreachable": {
"description": "Unreachable resources.",
"items": {
"type": "string"
},
"type": "array"
},
"workflows": {
"description": "The workflows that match the request.",
"items": {
"$ref": "Workflow"
},
"type": "array"
}
},
"type": "object"
},
"Location": {
"description": "A resource that represents a Google Cloud location.",
"id": "Location",
"properties": {
"displayName": {
"description": "The friendly name for this location, typically a nearby city name. For example, \"Tokyo\".",
"type": "string"
},
"labels": {
"additionalProperties": {
"type": "string"
},
"description": "Cross-service attributes for the location. For example {\"cloud.googleapis.com/region\": \"us-east1\"}",
"type": "object"
},
"locationId": {
"description": "The canonical id for this location. For example: `\"us-east1\"`.",
"type": "string"
},
"metadata": {
"additionalProperties": {
"description": "Properties of the object. Contains field @type with type URL.",
"type": "any"
},
"description": "Service-specific metadata. For example the available capacity at the given location.",
"type": "object"
},
"name": {
"description": "Resource name for the location, which may vary between implementations. For example: `\"projects/example-project/locations/us-east1\"`",
"type": "string"
}
},
"type": "object"
},
"Operation": {
"description": "This resource represents a long-running operation that is the result of a network API call.",
"id": "Operation",
"properties": {
"done": {
"description": "If the value is `false`, it means the operation is still in progress. If `true`, the operation is completed, and either `error` or `response` is available.",
"type": "boolean"
},
"error": {
"$ref": "Status",
"description": "The error result of the operation in case of failure or cancellation."
},
"metadata": {
"additionalProperties": {
"description": "Properties of the object. Contains field @type with type URL.",
"type": "any"
},
"description": "Service-specific metadata associated with the operation. It typically contains progress information and common metadata such as create time. Some services might not provide such metadata. Any method that returns a long-running operation should document the metadata type, if any.",
"type": "object"
},
"name": {
"description": "The server-assigned name, which is only unique within the same service that originally returns it. If you use the default HTTP mapping, the `name` should be a resource name ending with `operations/{unique_id}`.",
"type": "string"
},
"response": {
"additionalProperties": {
"description": "Properties of the object. Contains field @type with type URL.",
"type": "any"
},
"description": "The normal, successful response of the operation. If the original method returns no data on success, such as `Delete`, the response is `google.protobuf.Empty`. If the original method is standard `Get`/`Create`/`Update`, the response should be the resource. For other methods, the response should have the type `XxxResponse`, where `Xxx` is the original method name. For example, if the original method name is `TakeSnapshot()`, the inferred response type is `TakeSnapshotResponse`.",
"type": "object"
}
},
"type": "object"
},
"OperationMetadata": {
"description": "Represents the metadata of the long-running operation.",
"id": "OperationMetadata",
"properties": {
"apiVersion": {
"description": "API version used to start the operation.",
"type": "string"
},
"createTime": {
"description": "The time the operation was created.",
"format": "google-datetime",
"type": "string"
},
"endTime": {
"description": "The time the operation finished running.",
"format": "google-datetime",
"type": "string"
},
"target": {
"description": "Server-defined resource path for the target of the operation.",
"type": "string"
},
"verb": {
"description": "Name of the verb executed by the operation.",
"type": "string"
}
},
"type": "object"
},
"StateError": {
"description": "Describes an error related to the current state of the workflow.",
"id": "StateError",
"properties": {
"details": {
"description": "Provides specifics about the error.",
"type": "string"
},
"type": {
"description": "The type of this state error.",
"enum": [
"TYPE_UNSPECIFIED",
"KMS_ERROR"
],
"enumDescriptions": [
"No type specified.",
"Caused by an issue with KMS."
],
"type": "string"
}
},
"type": "object"
},
"Status": {
"description": "The `Status` type defines a logical error model that is suitable for different programming environments, including REST APIs and RPC APIs. It is used by [gRPC](https://github.com/grpc). Each `Status` message contains three pieces of data: error code, error message, and error details. You can find out more about this error model and how to work with it in the [API Design Guide](https://cloud.google.com/apis/design/errors).",
"id": "Status",
"properties": {
"code": {
"description": "The status code, which should be an enum value of google.rpc.Code.",
"format": "int32",
"type": "integer"
},
"details": {
"description": "A list of messages that carry the error details. There is a common set of message types for APIs to use.",
"items": {
"additionalProperties": {
"description": "Properties of the object. Contains field @type with type URL.",
"type": "any"
},
"type": "object"
},
"type": "array"
},
"message": {
"description": "A developer-facing error message, which should be in English. Any user-facing error message should be localized and sent in the google.rpc.Status.details field, or localized by the client.",
"type": "string"
}
},
"type": "object"
},
"Workflow": {
"description": "Workflow program to be executed by Workflows.",
"id": "Workflow",
"properties": {
"allKmsKeys": {
"description": "Output only. A list of all KMS crypto keys used to encrypt or decrypt the data associated with the workflow.",
"items": {
"type": "string"
},
"readOnly": true,
"type": "array"
},
"allKmsKeysVersions": {
"description": "Output only. A list of all KMS crypto key versions used to encrypt or decrypt the data associated with the workflow.",
"items": {
"type": "string"
},
"readOnly": true,
"type": "array"
},
"callLogLevel": {
"description": "Optional. Describes the level of platform logging to apply to calls and call responses during executions of this workflow. If both the workflow and the execution specify a logging level, the execution level takes precedence.",
"enum": [
"CALL_LOG_LEVEL_UNSPECIFIED",
"LOG_ALL_CALLS",
"LOG_ERRORS_ONLY",
"LOG_NONE"
],
"enumDescriptions": [
"No call logging level specified.",
"Log all call steps within workflows, all call returns, and all exceptions raised.",
"Log only exceptions that are raised from call steps within workflows.",
"Explicitly log nothing."
],
"type": "string"
},
"createTime": {
"description": "Output only. The timestamp for when the workflow was created. This is a workflow-wide field and is not tied to a specific revision.",
"format": "google-datetime",
"readOnly": true,
"type": "string"
},
"cryptoKeyName": {
"description": "Optional. The resource name of a KMS crypto key used to encrypt or decrypt the data associated with the workflow. Format: projects/{project}/locations/{location}/keyRings/{keyRing}/cryptoKeys/{cryptoKey} Using `-` as a wildcard for the `{project}` or not providing one at all will infer the project from the account. If not provided, data associated with the workflow will not be CMEK-encrypted.",
"type": "string"
},
"cryptoKeyVersion": {
"description": "Output only. The resource name of a KMS crypto key version used to encrypt or decrypt the data associated with the workflow. Format: projects/{project}/locations/{location}/keyRings/{keyRing}/cryptoKeys/{cryptoKey}/cryptoKeyVersions/{cryptoKeyVersion}",
"readOnly": true,
"type": "string"
},
"description": {
"description": "Description of the workflow provided by the user. Must be at most 1000 Unicode characters long. This is a workflow-wide field and is not tied to a specific revision.",
"type": "string"
},
"executionHistoryLevel": {
"description": "Optional. Describes the execution history level to apply to this workflow.",
"enum": [
"EXECUTION_HISTORY_LEVEL_UNSPECIFIED",
"EXECUTION_HISTORY_BASIC",
"EXECUTION_HISTORY_DETAILED"
],
"enumDescriptions": [
"The default/unset value.",
"Enable execution history basic feature.",
"Enable execution history detailed feature."
],
"type": "string"
},
"labels": {
"additionalProperties": {
"type": "string"
},
"description": "Labels associated with this workflow. Labels can contain at most 64 entries. Keys and values can be no longer than 63 characters and can only contain lowercase letters, numeric characters, underscores, and dashes. Label keys must start with a letter. International characters are allowed. This is a workflow-wide field and is not tied to a specific revision.",
"type": "object"
},
"name": {
"description": "The resource name of the workflow. Format: projects/{project}/locations/{location}/workflows/{workflow}. This is a workflow-wide field and is not tied to a specific revision.",
"type": "string"
},
"revisionCreateTime": {
"description": "Output only. The timestamp for the latest revision of the workflow's creation.",
"format": "google-datetime",
"readOnly": true,
"type": "string"
},
"revisionId": {
"description": "Output only. The revision of the workflow. A new revision of a workflow is created as a result of updating the following properties of a workflow: - Service account - Workflow code to be executed The format is \"000001-a4d\", where the first six characters define the zero-padded revision ordinal number. They are followed by a hyphen and three hexadecimal random characters.",
"readOnly": true,
"type": "string"
},
"serviceAccount": {
"description": "The service account associated with the latest workflow version. This service account represents the identity of the workflow and determines what permissions the workflow has. Format: projects/{project}/serviceAccounts/{account} or {account} Using `-` as a wildcard for the `{project}` or not providing one at all will infer the project from the account. The `{account}` value can be the `email` address or the `unique_id` of the service account. If not provided, workflow will use the project's default service account. Modifying this field for an existing workflow results in a new workflow revision.",
"type": "string"
},
"sourceContents": {
"description": "Workflow code to be executed. The size limit is 128KB.",
"type": "string"
},
"state": {
"description": "Output only. State of the workflow deployment.",
"enum": [
"STATE_UNSPECIFIED",
"ACTIVE",
"UNAVAILABLE"
],
"enumDescriptions": [
"Invalid state.",
"The workflow has been deployed successfully and is serving.",
"Workflow data is unavailable. See the `state_error` field."
],
"readOnly": true,
"type": "string"
},
"stateError": {
"$ref": "StateError",
"description": "Output only. Error regarding the state of the workflow. For example, this field will have error details if the execution data is unavailable due to revoked KMS key permissions.",
"readOnly": true
},
"tags": {
"additionalProperties": {
"type": "string"
},
"description": "Optional. Input only. Immutable. Tags associated with this workflow.",
"type": "object"
},
"updateTime": {
"description": "Output only. The timestamp for when the workflow was last updated. This is a workflow-wide field and is not tied to a specific revision.",
"format": "google-datetime",
"readOnly": true,
"type": "string"
},
"userEnvVars": {
"additionalProperties": {
"type": "string"
},
"description": "Optional. User-defined environment variables associated with this workflow revision. This map has a maximum length of 20. Each string can take up to 4KiB. Keys cannot be empty strings and cannot start with \"GOOGLE\" or \"WORKFLOWS\".",
"type": "object"
}
},
"type": "object"
}
},
"servicePath": "",
"title": "Workflows API",
"version": "v1",
"version_module": true
}